model,horizon,within,across,gain_over_cstatic
Chronos-2-Uni-ZS,1,mean,mean,0.0369
Chronos-2-Uni-ZS,1,mean,median,0.0189
Chronos-2-Uni-ZS,1,median,mean,0.0235
Chronos-2-Uni-ZS,1,median,median,0.0114
Chronos-2-Uni-ZS,24,mean,mean,0.2138
Chronos-2-Uni-ZS,24,mean,median,0.2473
Chronos-2-Uni-ZS,24,median,mean,0.0345
Chronos-2-Uni-ZS,24,median,median,0.0416
Chronos-2-Uni-ZS,168,mean,mean,0.1687
Chronos-2-Uni-ZS,168,mean,median,0.4688
Chronos-2-Uni-ZS,168,median,mean,0.112
Chronos-2-Uni-ZS,168,median,median,0.1756
Chronos-2-Uni-ZS,720,mean,mean,0.2673
Chronos-2-Uni-ZS,720,mean,median,0.2755
Chronos-2-Uni-ZS,720,median,mean,0.2794
Chronos-2-Uni-ZS,720,median,median,0.2143
TimesFM-2.5-Uni-ZS,1,mean,mean,0.0258
TimesFM-2.5-Uni-ZS,1,mean,median,0.0539
TimesFM-2.5-Uni-ZS,1,median,mean,0.0078
TimesFM-2.5-Uni-ZS,1,median,median,0.0034
TimesFM-2.5-Uni-ZS,24,mean,mean,0.2992
TimesFM-2.5-Uni-ZS,24,mean,median,0.2908
TimesFM-2.5-Uni-ZS,24,median,mean,0.1756
TimesFM-2.5-Uni-ZS,24,median,median,0.1485
TimesFM-2.5-Uni-ZS,168,mean,mean,0.1271
TimesFM-2.5-Uni-ZS,168,mean,median,0.1445
TimesFM-2.5-Uni-ZS,168,median,mean,0.051
TimesFM-2.5-Uni-ZS,168,median,median,-0.0212
TimesFM-2.5-Uni-ZS,720,mean,mean,0.25
TimesFM-2.5-Uni-ZS,720,mean,median,0.1881
TimesFM-2.5-Uni-ZS,720,median,mean,0.282
TimesFM-2.5-Uni-ZS,720,median,median,0.3584
