fm,test_year,horizon,n_fit_years,n_test,oracle_gain_pp,mean_abs_margin,abs_mean_margin,identity_err,benchmark_pp,benchmark_frac_of_oracle,frozen_gain_pp,cc_static,frozen_gain_over_cc_pp,frozen_budget,frozen_threshold,frozen_realized_frac
Chronos-2-Uni-ZS,2020,1,1,6954,0.3279,0.9295,0.2737,0.0,0.0021,0.0065,0.0193,0.9943,0.0193,0.95,-0.687642,0.9527
Chronos-2-Uni-ZS,2020,24,1,6954,0.7406,2.2155,0.7342,0.0,0.1219,0.1646,0.1122,2.7331,0.1122,0.85,-0.366941,0.8516
Chronos-2-Uni-ZS,2020,168,1,6954,1.104,2.4468,0.2387,0.0,0.0,0.0,0.1037,4.5445,0.0466,0.8,-0.900296,0.7889
Chronos-2-Uni-ZS,2020,720,1,6954,1.6212,5.255,2.0126,0.0,0.1367,0.0843,0.0243,6.7987,-0.1728,0.25,0.936884,0.2565
Chronos-2-Uni-ZS,2021,1,2,6935,0.3155,1.0673,0.4363,0.0,0.0083,0.0262,0.0132,1.0459,0.0132,0.8,0.036924,0.8004
Chronos-2-Uni-ZS,2021,24,2,6935,0.6694,2.2281,0.8894,0.0,0.0721,0.1078,0.1389,2.815,0.1688,0.95,-0.661215,0.9536
Chronos-2-Uni-ZS,2021,168,2,6935,1.2239,2.5178,0.07,0.0,0.119,0.0972,0.2367,5.1685,0.1424,0.45,0.062136,0.466
Chronos-2-Uni-ZS,2021,720,2,6935,1.9633,4.9038,0.9772,0.0,0.089,0.0453,0.2371,6.9041,0.0961,0.15,1.640214,0.1344
Chronos-2-Uni-ZS,2022,1,3,6935,0.3222,1.0245,0.3802,0.0,0.0084,0.026,0.0323,1.0303,0.0323,0.95,-0.33989,0.9495
Chronos-2-Uni-ZS,2022,24,3,6935,0.7954,2.331,0.7402,0.0,0.1693,0.2129,0.2288,2.8421,0.2288,0.95,-0.373793,0.9448
Chronos-2-Uni-ZS,2022,168,3,6935,1.1581,2.5714,0.2552,0.0,0.1846,0.1594,0.1779,5.1629,0.1948,0.45,0.101905,0.4234
Chronos-2-Uni-ZS,2022,720,3,6935,2.0748,5.4013,1.2517,0.0,0.075,0.0362,0.3652,7.1535,0.1395,0.15,1.36198,0.142
Chronos-2-Uni-ZS,2023,1,4,6935,0.3431,1.1264,0.4402,0.0,0.0,0.0,0.0414,1.1998,0.0414,0.9,-0.031517,0.9043
Chronos-2-Uni-ZS,2023,24,4,6935,0.9343,2.468,0.5994,0.0,0.2229,0.2386,0.2857,3.3441,0.2905,0.8,0.021581,0.802
Chronos-2-Uni-ZS,2023,168,4,6935,1.2856,2.7476,0.1764,0.0,0.1939,0.1508,0.3002,5.6385,0.2304,0.45,0.045288,0.4642
Chronos-2-Uni-ZS,2023,720,4,6935,1.908,5.6158,1.7997,0.0,0.0192,0.01,0.4264,7.689,0.3149,0.35,-0.037318,0.3358
Chronos-2-Uni-ZS,2024,1,5,6954,0.3402,1.0265,0.3461,0.0,0.0006,0.0018,0.0385,1.1164,0.0385,0.9,0.089365,0.9009
Chronos-2-Uni-ZS,2024,24,5,6954,0.8115,2.365,0.742,0.0,0.1572,0.1937,0.2079,3.2368,0.2079,0.9,-0.134439,0.9123
Chronos-2-Uni-ZS,2024,168,5,6954,1.1269,2.598,0.3441,0.0,0.0355,0.0315,0.1774,5.2324,0.1919,0.4,0.105179,0.4143
Chronos-2-Uni-ZS,2024,720,5,6954,1.854,5.0444,1.3364,0.0,0.0881,0.0475,0.4609,7.4145,0.3146,0.25,0.412142,0.2655
Chronos-2-Uni-ZS,2025,1,6,6934,0.3786,1.2211,0.4639,0.0,0.0,0.0,0.0369,1.2867,0.0369,0.9,0.035491,0.8965
Chronos-2-Uni-ZS,2025,24,6,6934,0.8741,2.4399,0.6916,0.0,0.1123,0.1285,0.2139,3.5458,0.2139,0.9,-0.132973,0.8969
Chronos-2-Uni-ZS,2025,168,6,6933,1.3187,2.872,0.2345,0.0,0.0091,0.0069,0.2441,5.6231,0.1686,0.45,0.045903,0.4644
Chronos-2-Uni-ZS,2025,720,6,6934,1.7257,5.543,2.0916,0.0,0.0415,0.0241,0.3523,7.3954,0.2673,0.2,0.721741,0.2018
TimesFM-2.5-Uni-ZS,2020,1,1,6954,0.254,0.7942,0.2862,0.0,0.0,0.0,0.0,0.9818,0.0,1.0,-inf,1.0
TimesFM-2.5-Uni-ZS,2020,24,1,6954,1.0966,2.4735,0.2804,0.0,0.1868,0.1704,0.232,3.1535,0.1986,0.6,-0.08229,0.6027
TimesFM-2.5-Uni-ZS,2020,168,1,6954,1.1978,2.9215,0.5258,0.0,0.0275,0.023,0.0685,4.6275,0.0944,0.2,0.92009,0.2061
TimesFM-2.5-Uni-ZS,2020,720,1,6954,1.6323,4.6664,1.4017,0.0,0.1486,0.091,0.0077,6.7835,-0.2045,0.15,2.234409,0.1508
TimesFM-2.5-Uni-ZS,2021,1,2,6935,0.2526,0.9386,0.4334,0.0,0.0,0.0,0.0027,1.0488,0.0027,0.9,0.028663,0.9021
TimesFM-2.5-Uni-ZS,2021,24,2,6935,1.0203,2.513,0.4724,0.0,0.1527,0.1496,0.2244,3.2067,0.2292,0.4,0.323323,0.4037
TimesFM-2.5-Uni-ZS,2021,168,2,6935,1.3461,2.984,0.2917,0.0,0.0309,0.0229,0.1531,5.2523,0.1426,0.15,0.67837,0.1658
TimesFM-2.5-Uni-ZS,2021,720,2,6935,2.0248,4.9549,0.9052,0.0,0.193,0.0953,0.2084,6.8231,-0.0136,0.1,2.392238,0.0823
TimesFM-2.5-Uni-ZS,2022,1,3,6935,0.2461,0.8992,0.407,0.0,0.0,0.0,0.016,1.0036,0.016,0.95,-0.057794,0.9428
TimesFM-2.5-Uni-ZS,2022,24,3,6935,1.161,2.5927,0.2708,0.0,0.2676,0.2305,0.3738,3.2484,0.3107,0.55,0.009688,0.5381
TimesFM-2.5-Uni-ZS,2022,168,3,6935,1.34,3.0831,0.4031,0.0,0.0939,0.0701,0.1671,5.1647,0.1858,0.45,-0.131045,0.4245
TimesFM-2.5-Uni-ZS,2022,720,3,6935,2.3177,5.5811,0.9457,0.0,0.2128,0.0918,0.4418,7.0937,0.1563,0.15,1.04562,0.1521
TimesFM-2.5-Uni-ZS,2023,1,4,6935,0.2837,1.0087,0.4414,0.0,0.0,0.0,0.0229,1.1985,0.0229,0.9,0.082004,0.9057
TimesFM-2.5-Uni-ZS,2023,24,4,6935,1.3537,2.8239,0.1166,0.0,0.3023,0.2233,0.3993,3.762,0.3391,0.5,0.120835,0.511
TimesFM-2.5-Uni-ZS,2023,168,4,6935,1.3579,3.3658,0.65,0.0,0.0355,0.0261,0.1276,5.7289,0.1482,0.2,0.354228,0.2045
TimesFM-2.5-Uni-ZS,2023,720,4,6935,1.8945,5.6259,1.8369,0.0,0.0359,0.019,0.3876,7.7009,0.288,0.3,0.204741,0.2998
TimesFM-2.5-Uni-ZS,2024,1,5,6954,0.2542,0.8928,0.3844,0.0,0.0,0.0,0.0023,1.0781,0.0023,0.9,0.041402,0.893
TimesFM-2.5-Uni-ZS,2024,24,5,6954,1.2357,2.679,0.2075,0.0,0.235,0.1902,0.3939,3.7543,0.3769,0.4,0.363606,0.393
TimesFM-2.5-Uni-ZS,2024,168,5,6954,1.2332,3.3251,0.8587,0.0,0.0,0.0,0.0892,5.2331,0.1044,0.1,0.80666,0.115
TimesFM-2.5-Uni-ZS,2024,720,5,6954,1.8416,5.5005,1.8173,0.0,0.0835,0.0453,0.3258,7.5521,0.3171,0.25,0.506127,0.2597
TimesFM-2.5-Uni-ZS,2025,1,6,6934,0.3088,1.0733,0.4558,0.0,0.0,0.0,0.0258,1.2948,0.0258,0.95,-0.032585,0.9563
TimesFM-2.5-Uni-ZS,2025,24,6,6934,1.3105,2.8371,0.2161,0.0,0.2241,0.171,0.3985,3.922,0.2992,0.5,0.098284,0.5029
TimesFM-2.5-Uni-ZS,2025,168,6,6933,1.489,3.4921,0.5142,0.0,0.0033,0.0022,0.1271,5.6986,0.1271,0.1,0.939161,0.0961
TimesFM-2.5-Uni-ZS,2025,720,6,6934,1.8865,5.555,1.782,0.0,0.025,0.0133,0.3766,7.3539,0.2501,0.25,0.469843,0.2537
