fm,horizon,policy,auc,rho_score_margin,best_fixed,oracle,oracle_gain_pp,frozen_budget,frozen_gain_pp,frozen_gap_closed,natural_gain_pp
Chronos-2-Uni-ZS,1,cheap,0.5967,0.216,0.7743,0.5118,0.2625,0.85,0.0,0.0,0.0049
Chronos-2-Uni-ZS,1,privileged,0.5988,0.2205,0.7743,0.5118,0.2625,0.9,0.0112,0.0426,0.0112
Chronos-2-Uni-ZS,1,fm_width_only,0.5047,0.0081,0.7743,0.5118,0.2625,1.0,0.0,0.0,0.0
Chronos-2-Uni-ZS,24,cheap,0.6,0.2541,2.1446,1.5476,0.5971,0.9,0.0482,0.0808,0.0482
Chronos-2-Uni-ZS,24,privileged,0.6012,0.2479,2.1446,1.5476,0.5971,0.9,0.012,0.0202,0.0307
Chronos-2-Uni-ZS,24,fm_width_only,0.5116,-0.0048,2.1446,1.5476,0.5971,0.9,0.0044,0.0073,0.0178
Chronos-2-Uni-ZS,168,cheap,0.5577,0.1065,3.6787,2.6774,1.0013,0.0,0.0,0.0,0.1113
Chronos-2-Uni-ZS,168,privileged,0.561,0.1139,3.6787,2.6774,1.0013,0.0,0.0,0.0,-0.0634
Chronos-2-Uni-ZS,168,fm_width_only,0.494,-0.015,3.6787,2.6774,1.0013,0.0,0.0,0.0,-0.0151
Chronos-2-Uni-ZS,720,cheap,0.6464,0.2741,5.671,4.1445,1.5265,0.15,0.1233,0.0808,0.0269
Chronos-2-Uni-ZS,720,privileged,0.6511,0.3001,5.671,4.1445,1.5265,0.45,-0.0769,-0.0504,0.1481
Chronos-2-Uni-ZS,720,fm_width_only,0.5244,0.102,5.671,4.1445,1.5265,0.0,0.0,0.0,-0.0252
TimesFM-2.5-Uni-ZS,1,cheap,0.5729,0.1742,0.7676,0.5439,0.2237,1.0,0.0,0.0,-0.008
TimesFM-2.5-Uni-ZS,1,privileged,0.5786,0.1847,0.7676,0.5439,0.2237,0.95,-0.008,-0.0359,-0.0147
TimesFM-2.5-Uni-ZS,1,fm_width_only,0.5045,-0.0301,0.7676,0.5439,0.2237,1.0,0.0,0.0,0.0
TimesFM-2.5-Uni-ZS,24,cheap,0.6145,0.2364,2.563,1.5304,1.0325,0.6,0.0769,0.0745,0.0949
TimesFM-2.5-Uni-ZS,24,privileged,0.6111,0.231,2.563,1.5304,1.0325,0.65,0.0904,0.0875,0.218
TimesFM-2.5-Uni-ZS,24,fm_width_only,0.5132,0.0333,2.563,1.5304,1.0325,0.95,-0.0717,-0.0694,0.0162
TimesFM-2.5-Uni-ZS,168,cheap,0.5416,0.0825,3.6787,2.466,1.2127,0.0,0.0,0.0,-0.0389
TimesFM-2.5-Uni-ZS,168,privileged,0.5457,0.0889,3.6787,2.466,1.2127,0.0,0.0,0.0,-0.0462
TimesFM-2.5-Uni-ZS,168,fm_width_only,0.4957,-0.0135,3.6787,2.466,1.2127,0.0,0.0,0.0,0.0383
TimesFM-2.5-Uni-ZS,720,cheap,0.6174,0.2377,5.671,3.7821,1.8889,0.35,0.1852,0.098,0.3518
TimesFM-2.5-Uni-ZS,720,privileged,0.6171,0.2453,5.671,3.7821,1.8889,0.4,0.0465,0.0246,0.3075
TimesFM-2.5-Uni-ZS,720,fm_width_only,0.5012,0.0154,5.671,3.7821,1.8889,0.0,0.0,0.0,0.0
