fm,horizon,features,n_features,best_fixed,oracle_gain_pp,deployable_budget,deployable_gain_pp,deployable_natural_gain_pp,ceiling_budget,ceiling_gain_pp,ceiling_natural_gain_pp,generalisation_loss_pp,information_loss_pp,oof_rho,oof_r2,deployed_rho
Chronos-2-Uni-ZS,1,cheap,7,0.7743,0.2625,0.95,0.0062,0.0059,0.85,0.0054,-0.0122,-0.0008,0.2571,0.1885,0.0222,0.2161
Chronos-2-Uni-ZS,1,enriched,22,0.7743,0.2625,0.95,0.0112,0.0,1.0,0.0,-0.0081,-0.0112,0.2625,0.1959,0.0464,0.2324
Chronos-2-Uni-ZS,24,cheap,7,2.1446,0.5971,0.9,0.0253,0.0307,0.9,0.0394,-0.0268,0.014,0.5577,0.2323,0.0513,0.24
Chronos-2-Uni-ZS,24,enriched,22,2.1446,0.5971,0.95,0.0506,0.0495,0.9,0.055,-0.0495,0.0045,0.542,0.2642,0.1564,0.3195
Chronos-2-Uni-ZS,168,cheap,7,3.6787,1.0013,0.0,0.0,0.0101,0.4,0.2619,0.2011,0.2619,0.7394,0.2604,0.0565,0.1114
Chronos-2-Uni-ZS,168,enriched,22,3.6787,1.0013,0.0,0.0,-0.0011,0.2,0.2703,0.1941,0.2703,0.7311,0.3364,0.1671,0.1914
Chronos-2-Uni-ZS,720,cheap,7,5.671,1.5265,0.15,0.007,0.007,0.15,0.4042,0.2157,0.3972,1.1223,0.5081,0.3014,0.2969
Chronos-2-Uni-ZS,720,enriched,22,5.671,1.5265,0.3,0.1665,0.1665,0.5,0.6266,0.4814,0.4601,0.8998,0.5933,0.4414,0.391
TimesFM-2.5-Uni-ZS,1,cheap,7,0.7676,0.2237,0.9,-0.0161,0.0,0.95,0.003,-0.0284,0.0192,0.2207,0.155,0.0159,0.1725
TimesFM-2.5-Uni-ZS,1,enriched,22,0.7676,0.2237,0.9,0.0053,0.0064,0.95,0.0196,-0.0208,0.0144,0.2041,0.1807,0.0765,0.2024
TimesFM-2.5-Uni-ZS,24,cheap,7,2.563,1.0325,0.45,0.1416,0.1416,0.7,0.205,0.1259,0.0634,0.8276,0.2318,0.0508,0.2311
TimesFM-2.5-Uni-ZS,24,enriched,22,2.563,1.0325,0.6,0.1318,0.1487,0.55,0.3204,0.3542,0.1886,0.7122,0.2952,0.1694,0.2949
TimesFM-2.5-Uni-ZS,168,cheap,7,3.6787,1.2127,0.0,0.0,-0.0623,0.3,0.1728,0.1623,0.1728,1.0399,0.2739,0.085,0.0955
TimesFM-2.5-Uni-ZS,168,enriched,22,3.6787,1.2127,0.0,0.0,-0.0384,0.2,0.1552,0.142,0.1552,1.0575,0.3377,0.2003,0.1947
TimesFM-2.5-Uni-ZS,720,cheap,7,5.671,1.8889,0.4,0.1935,0.2097,0.4,0.5721,0.5788,0.3785,1.3168,0.4718,0.3188,0.2643
TimesFM-2.5-Uni-ZS,720,enriched,22,5.671,1.8889,0.3,0.341,0.3584,0.4,0.7626,0.6604,0.4215,1.1263,0.5554,0.4519,0.3551
