fm,horizon,features,learner,oracle_gain_pp,ceiling_random_pp,r2_random,ceiling_blocked_pp,r2_blocked,null_mean_pp,null_hi_pp,p_null_ge_obs
Chronos-2-Uni-ZS,1,country,hgb,0.2625,0.0,0.0051,0.0,0.0013,0.0,0.0,1.0
Chronos-2-Uni-ZS,1,cheap,hgb,0.2625,0.0054,0.0222,0.0059,-0.1954,0.0002,0.0049,0.0
Chronos-2-Uni-ZS,1,enriched,hgb,0.2625,0.0062,0.046,0.0,-0.1836,0.0004,0.0049,1.0
Chronos-2-Uni-ZS,24,country,hgb,0.5971,0.0,0.0043,0.0,0.005,0.0,0.0,1.0
Chronos-2-Uni-ZS,24,cheap,hgb,0.5971,0.0394,0.0513,0.0196,-0.1011,0.0033,0.0334,0.081
Chronos-2-Uni-ZS,24,enriched,hgb,0.5971,0.0618,0.141,0.0324,-0.001,0.0041,0.0334,0.051
Chronos-2-Uni-ZS,168,country,hgb,1.0013,0.0615,0.0049,0.0615,0.0001,0.0466,0.0662,0.515
Chronos-2-Uni-ZS,168,cheap,hgb,1.0013,0.2619,0.0565,0.0383,-0.2159,0.0251,0.0787,0.313
Chronos-2-Uni-ZS,168,enriched,hgb,1.0013,0.2965,0.1839,0.0787,-0.1797,0.0261,0.0832,0.051
Chronos-2-Uni-ZS,720,country,hgb,1.5265,0.0,0.0372,0.0,0.002,0.0,0.0,1.0
Chronos-2-Uni-ZS,720,cheap,hgb,1.5265,0.4042,0.3014,0.0,-0.2762,0.0008,0.0117,1.0
Chronos-2-Uni-ZS,720,enriched,hgb,1.5265,0.7471,0.4732,0.0,-0.3437,0.0025,0.014,1.0
TimesFM-2.5-Uni-ZS,1,country,hgb,0.2237,0.0,0.005,0.0,-0.0003,0.0,0.0,1.0
TimesFM-2.5-Uni-ZS,1,cheap,hgb,0.2237,0.003,0.0159,0.0,-0.2399,0.0002,0.003,1.0
TimesFM-2.5-Uni-ZS,1,enriched,hgb,0.2237,0.0,0.0743,0.0,-0.2578,0.0004,0.0034,1.0
TimesFM-2.5-Uni-ZS,24,country,hgb,1.0325,0.1075,0.01,0.1075,0.0092,0.1008,0.116,0.606
TimesFM-2.5-Uni-ZS,24,cheap,hgb,1.0325,0.205,0.0508,0.1295,-0.1452,0.0378,0.098,0.0
TimesFM-2.5-Uni-ZS,24,enriched,hgb,1.0325,0.2787,0.1561,0.1618,0.0034,0.0397,0.0943,0.0
TimesFM-2.5-Uni-ZS,168,country,hgb,1.2127,0.0,0.0057,0.0,0.0013,0.0,0.0,1.0
TimesFM-2.5-Uni-ZS,168,cheap,hgb,1.2127,0.1728,0.085,0.0612,-0.1965,0.0128,0.0747,0.091
TimesFM-2.5-Uni-ZS,168,enriched,hgb,1.2127,0.2417,0.2035,0.0383,-0.1307,0.0133,0.0615,0.202
TimesFM-2.5-Uni-ZS,720,country,hgb,1.8889,0.0,0.0356,0.0,-0.0146,0.0,0.0,1.0
TimesFM-2.5-Uni-ZS,720,cheap,hgb,1.8889,0.5721,0.3188,0.0,-0.3731,0.0057,0.0464,1.0
TimesFM-2.5-Uni-ZS,720,enriched,hgb,1.8889,0.9744,0.4829,0.0,-0.3544,0.0065,0.0464,1.0
Chronos-2-Uni-ZS,1,enriched,ridge,0.2625,0.0,0.0304,0.0,-7.6304,,,
Chronos-2-Uni-ZS,24,enriched,ridge,0.5971,0.0042,0.0523,0.0042,-0.1022,,,
Chronos-2-Uni-ZS,168,enriched,ridge,1.0013,0.1124,0.0728,0.0615,0.0386,,,
Chronos-2-Uni-ZS,720,enriched,ridge,1.5265,0.0,0.1059,0.0465,-0.3713,,,
TimesFM-2.5-Uni-ZS,1,enriched,ridge,0.2237,0.0,0.0348,0.0,-10.4467,,,
TimesFM-2.5-Uni-ZS,24,enriched,ridge,1.0325,0.116,0.0673,0.1251,-0.1108,,,
TimesFM-2.5-Uni-ZS,168,enriched,ridge,1.2127,0.0383,0.0728,0.0,0.0437,,,
TimesFM-2.5-Uni-ZS,720,enriched,ridge,1.8889,0.0,0.1078,0.0,-0.6282,,,
