fm,horizon,features,learner,draw
Chronos-2-Uni-ZS,1,country,hgb,0.0
Chronos-2-Uni-ZS,1,country,hgb,0.0
Chronos-2-Uni-ZS,1,country,hgb,0.0
Chronos-2-Uni-ZS,1,country,hgb,0.0
Chronos-2-Uni-ZS,1,country,hgb,0.0
Chronos-2-Uni-ZS,1,country,hgb,0.0
Chronos-2-Uni-ZS,1,country,hgb,0.0
Chronos-2-Uni-ZS,1,country,hgb,0.0
Chronos-2-Uni-ZS,1,country,hgb,0.0
Chronos-2-Uni-ZS,1,country,hgb,0.0
Chronos-2-Uni-ZS,1,country,hgb,0.0
Chronos-2-Uni-ZS,1,country,hgb,0.0
Chronos-2-Uni-ZS,1,country,hgb,0.0
Chronos-2-Uni-ZS,1,country,hgb,0.0
Chronos-2-Uni-ZS,1,country,hgb,0.0
Chronos-2-Uni-ZS,1,country,hgb,0.0
Chronos-2-Uni-ZS,1,country,hgb,0.0
Chronos-2-Uni-ZS,1,country,hgb,0.0
Chronos-2-Uni-ZS,1,country,hgb,0.0
Chronos-2-Uni-ZS,1,country,hgb,0.0
Chronos-2-Uni-ZS,1,country,hgb,0.0
Chronos-2-Uni-ZS,1,country,hgb,0.0
Chronos-2-Uni-ZS,1,country,hgb,0.0
Chronos-2-Uni-ZS,1,country,hgb,0.0
Chronos-2-Uni-ZS,1,country,hgb,0.0
Chronos-2-Uni-ZS,1,country,hgb,0.0
Chronos-2-Uni-ZS,1,country,hgb,0.0
Chronos-2-Uni-ZS,1,country,hgb,0.0
Chronos-2-Uni-ZS,1,country,hgb,0.0
Chronos-2-Uni-ZS,1,country,hgb,0.0
Chronos-2-Uni-ZS,1,country,hgb,0.0
Chronos-2-Uni-ZS,1,country,hgb,0.0
Chronos-2-Uni-ZS,1,country,hgb,0.0
Chronos-2-Uni-ZS,1,country,hgb,0.0
Chronos-2-Uni-ZS,1,country,hgb,0.0
Chronos-2-Uni-ZS,1,country,hgb,0.0
Chronos-2-Uni-ZS,1,country,hgb,0.0
Chronos-2-Uni-ZS,1,country,hgb,0.0
Chronos-2-Uni-ZS,1,country,hgb,0.0
Chronos-2-Uni-ZS,1,country,hgb,0.0
Chronos-2-Uni-ZS,1,country,hgb,0.0
Chronos-2-Uni-ZS,1,country,hgb,0.0
Chronos-2-Uni-ZS,1,country,hgb,0.0
Chronos-2-Uni-ZS,1,country,hgb,0.0
Chronos-2-Uni-ZS,1,country,hgb,0.0
Chronos-2-Uni-ZS,1,country,hgb,0.0
Chronos-2-Uni-ZS,1,country,hgb,0.0
Chronos-2-Uni-ZS,1,country,hgb,0.0
Chronos-2-Uni-ZS,1,country,hgb,0.0
Chronos-2-Uni-ZS,1,country,hgb,0.0
Chronos-2-Uni-ZS,1,country,hgb,0.0
Chronos-2-Uni-ZS,1,country,hgb,0.0
Chronos-2-Uni-ZS,1,country,hgb,0.0
Chronos-2-Uni-ZS,1,country,hgb,0.0
Chronos-2-Uni-ZS,1,country,hgb,0.0
Chronos-2-Uni-ZS,1,country,hgb,0.0
Chronos-2-Uni-ZS,1,country,hgb,0.0
Chronos-2-Uni-ZS,1,country,hgb,0.0
Chronos-2-Uni-ZS,1,country,hgb,0.0
Chronos-2-Uni-ZS,1,country,hgb,0.0
Chronos-2-Uni-ZS,1,country,hgb,0.0
Chronos-2-Uni-ZS,1,country,hgb,0.0
Chronos-2-Uni-ZS,1,country,hgb,0.0
Chronos-2-Uni-ZS,1,country,hgb,0.0
Chronos-2-Uni-ZS,1,country,hgb,0.0
Chronos-2-Uni-ZS,1,country,hgb,0.0
Chronos-2-Uni-ZS,1,country,hgb,0.0
Chronos-2-Uni-ZS,1,country,hgb,0.0
Chronos-2-Uni-ZS,1,country,hgb,0.0
Chronos-2-Uni-ZS,1,country,hgb,0.0
Chronos-2-Uni-ZS,1,country,hgb,0.0
Chronos-2-Uni-ZS,1,country,hgb,0.0
Chronos-2-Uni-ZS,1,country,hgb,0.0
Chronos-2-Uni-ZS,1,country,hgb,0.0
Chronos-2-Uni-ZS,1,country,hgb,0.0
Chronos-2-Uni-ZS,1,country,hgb,0.0
Chronos-2-Uni-ZS,1,country,hgb,0.0
Chronos-2-Uni-ZS,1,country,hgb,0.0
Chronos-2-Uni-ZS,1,country,hgb,0.0
Chronos-2-Uni-ZS,1,country,hgb,0.0
Chronos-2-Uni-ZS,1,country,hgb,0.0
Chronos-2-Uni-ZS,1,country,hgb,0.0
Chronos-2-Uni-ZS,1,country,hgb,0.0
Chronos-2-Uni-ZS,1,country,hgb,0.0
Chronos-2-Uni-ZS,1,country,hgb,0.0
Chronos-2-Uni-ZS,1,country,hgb,0.0
Chronos-2-Uni-ZS,1,country,hgb,0.0
Chronos-2-Uni-ZS,1,country,hgb,0.0
Chronos-2-Uni-ZS,1,country,hgb,0.0
Chronos-2-Uni-ZS,1,country,hgb,0.0
Chronos-2-Uni-ZS,1,country,hgb,0.0
Chronos-2-Uni-ZS,1,country,hgb,0.0
Chronos-2-Uni-ZS,1,country,hgb,0.0
Chronos-2-Uni-ZS,1,country,hgb,0.0
Chronos-2-Uni-ZS,1,country,hgb,0.0
Chronos-2-Uni-ZS,1,country,hgb,0.0
Chronos-2-Uni-ZS,1,country,hgb,0.0
Chronos-2-Uni-ZS,1,country,hgb,0.0
Chronos-2-Uni-ZS,1,country,hgb,0.0
Chronos-2-Uni-ZS,1,cheap,hgb,0.0
Chronos-2-Uni-ZS,1,cheap,hgb,0.0
Chronos-2-Uni-ZS,1,cheap,hgb,0.0
Chronos-2-Uni-ZS,1,cheap,hgb,0.0
Chronos-2-Uni-ZS,1,cheap,hgb,0.0
Chronos-2-Uni-ZS,1,cheap,hgb,0.0
Chronos-2-Uni-ZS,1,cheap,hgb,0.0
Chronos-2-Uni-ZS,1,cheap,hgb,0.0
Chronos-2-Uni-ZS,1,cheap,hgb,0.0
Chronos-2-Uni-ZS,1,cheap,hgb,0.0
Chronos-2-Uni-ZS,1,cheap,hgb,0.0
Chronos-2-Uni-ZS,1,cheap,hgb,0.0
Chronos-2-Uni-ZS,1,cheap,hgb,0.005367
Chronos-2-Uni-ZS,1,cheap,hgb,0.0
Chronos-2-Uni-ZS,1,cheap,hgb,0.0
Chronos-2-Uni-ZS,1,cheap,hgb,0.0
Chronos-2-Uni-ZS,1,cheap,hgb,0.0
Chronos-2-Uni-ZS,1,cheap,hgb,0.0
Chronos-2-Uni-ZS,1,cheap,hgb,0.0
Chronos-2-Uni-ZS,1,cheap,hgb,0.0
Chronos-2-Uni-ZS,1,cheap,hgb,0.0
Chronos-2-Uni-ZS,1,cheap,hgb,0.0
Chronos-2-Uni-ZS,1,cheap,hgb,0.0
Chronos-2-Uni-ZS,1,cheap,hgb,0.0
Chronos-2-Uni-ZS,1,cheap,hgb,0.0
Chronos-2-Uni-ZS,1,cheap,hgb,0.0
Chronos-2-Uni-ZS,1,cheap,hgb,0.0
Chronos-2-Uni-ZS,1,cheap,hgb,0.0
Chronos-2-Uni-ZS,1,cheap,hgb,0.0
Chronos-2-Uni-ZS,1,cheap,hgb,0.0
Chronos-2-Uni-ZS,1,cheap,hgb,0.0
Chronos-2-Uni-ZS,1,cheap,hgb,0.0
Chronos-2-Uni-ZS,1,cheap,hgb,0.0
Chronos-2-Uni-ZS,1,cheap,hgb,0.0
Chronos-2-Uni-ZS,1,cheap,hgb,0.0
Chronos-2-Uni-ZS,1,cheap,hgb,0.0
Chronos-2-Uni-ZS,1,cheap,hgb,0.0
Chronos-2-Uni-ZS,1,cheap,hgb,0.0
Chronos-2-Uni-ZS,1,cheap,hgb,0.0
Chronos-2-Uni-ZS,1,cheap,hgb,0.0
Chronos-2-Uni-ZS,1,cheap,hgb,0.004856
Chronos-2-Uni-ZS,1,cheap,hgb,0.0
Chronos-2-Uni-ZS,1,cheap,hgb,0.0
Chronos-2-Uni-ZS,1,cheap,hgb,0.0
Chronos-2-Uni-ZS,1,cheap,hgb,0.0
Chronos-2-Uni-ZS,1,cheap,hgb,0.0
Chronos-2-Uni-ZS,1,cheap,hgb,0.0
Chronos-2-Uni-ZS,1,cheap,hgb,0.004856
Chronos-2-Uni-ZS,1,cheap,hgb,0.0
Chronos-2-Uni-ZS,1,cheap,hgb,0.0
Chronos-2-Uni-ZS,1,cheap,hgb,0.0
Chronos-2-Uni-ZS,1,cheap,hgb,0.0
Chronos-2-Uni-ZS,1,cheap,hgb,0.0
Chronos-2-Uni-ZS,1,cheap,hgb,0.0
Chronos-2-Uni-ZS,1,cheap,hgb,0.0
Chronos-2-Uni-ZS,1,cheap,hgb,0.0
Chronos-2-Uni-ZS,1,cheap,hgb,0.0
Chronos-2-Uni-ZS,1,cheap,hgb,0.0
Chronos-2-Uni-ZS,1,cheap,hgb,0.0
Chronos-2-Uni-ZS,1,cheap,hgb,0.0
Chronos-2-Uni-ZS,1,cheap,hgb,0.0
Chronos-2-Uni-ZS,1,cheap,hgb,0.0
Chronos-2-Uni-ZS,1,cheap,hgb,0.0
Chronos-2-Uni-ZS,1,cheap,hgb,0.0
Chronos-2-Uni-ZS,1,cheap,hgb,0.0
Chronos-2-Uni-ZS,1,cheap,hgb,0.0
Chronos-2-Uni-ZS,1,cheap,hgb,0.0
Chronos-2-Uni-ZS,1,cheap,hgb,0.0
Chronos-2-Uni-ZS,1,cheap,hgb,0.0
Chronos-2-Uni-ZS,1,cheap,hgb,0.0
Chronos-2-Uni-ZS,1,cheap,hgb,0.0
Chronos-2-Uni-ZS,1,cheap,hgb,0.0
Chronos-2-Uni-ZS,1,cheap,hgb,0.0
Chronos-2-Uni-ZS,1,cheap,hgb,0.0
Chronos-2-Uni-ZS,1,cheap,hgb,0.0
Chronos-2-Uni-ZS,1,cheap,hgb,0.0
Chronos-2-Uni-ZS,1,cheap,hgb,0.0
Chronos-2-Uni-ZS,1,cheap,hgb,0.0
Chronos-2-Uni-ZS,1,cheap,hgb,0.0
Chronos-2-Uni-ZS,1,cheap,hgb,0.0
Chronos-2-Uni-ZS,1,cheap,hgb,0.0
Chronos-2-Uni-ZS,1,cheap,hgb,0.0
Chronos-2-Uni-ZS,1,cheap,hgb,0.0
Chronos-2-Uni-ZS,1,cheap,hgb,0.0
Chronos-2-Uni-ZS,1,cheap,hgb,0.0
Chronos-2-Uni-ZS,1,cheap,hgb,0.0
Chronos-2-Uni-ZS,1,cheap,hgb,0.0
Chronos-2-Uni-ZS,1,cheap,hgb,0.0
Chronos-2-Uni-ZS,1,cheap,hgb,0.0
Chronos-2-Uni-ZS,1,cheap,hgb,0.0
Chronos-2-Uni-ZS,1,cheap,hgb,0.0
Chronos-2-Uni-ZS,1,cheap,hgb,0.0
Chronos-2-Uni-ZS,1,cheap,hgb,0.0
Chronos-2-Uni-ZS,1,cheap,hgb,0.0
Chronos-2-Uni-ZS,1,cheap,hgb,0.004856
Chronos-2-Uni-ZS,1,cheap,hgb,0.0
Chronos-2-Uni-ZS,1,cheap,hgb,0.0
Chronos-2-Uni-ZS,1,cheap,hgb,0.0
Chronos-2-Uni-ZS,1,cheap,hgb,0.0
Chronos-2-Uni-ZS,1,enriched,hgb,0.0
Chronos-2-Uni-ZS,1,enriched,hgb,0.0
Chronos-2-Uni-ZS,1,enriched,hgb,0.0
Chronos-2-Uni-ZS,1,enriched,hgb,0.0
Chronos-2-Uni-ZS,1,enriched,hgb,0.0
Chronos-2-Uni-ZS,1,enriched,hgb,0.0
Chronos-2-Uni-ZS,1,enriched,hgb,0.0
Chronos-2-Uni-ZS,1,enriched,hgb,0.0
Chronos-2-Uni-ZS,1,enriched,hgb,0.0
Chronos-2-Uni-ZS,1,enriched,hgb,0.0
Chronos-2-Uni-ZS,1,enriched,hgb,0.0
Chronos-2-Uni-ZS,1,enriched,hgb,0.0
Chronos-2-Uni-ZS,1,enriched,hgb,0.0
Chronos-2-Uni-ZS,1,enriched,hgb,0.0
Chronos-2-Uni-ZS,1,enriched,hgb,0.0
Chronos-2-Uni-ZS,1,enriched,hgb,0.0
Chronos-2-Uni-ZS,1,enriched,hgb,0.0
Chronos-2-Uni-ZS,1,enriched,hgb,0.0
Chronos-2-Uni-ZS,1,enriched,hgb,0.0
Chronos-2-Uni-ZS,1,enriched,hgb,0.0
Chronos-2-Uni-ZS,1,enriched,hgb,0.0
Chronos-2-Uni-ZS,1,enriched,hgb,0.0
Chronos-2-Uni-ZS,1,enriched,hgb,0.004021
Chronos-2-Uni-ZS,1,enriched,hgb,0.0
Chronos-2-Uni-ZS,1,enriched,hgb,0.0
Chronos-2-Uni-ZS,1,enriched,hgb,0.0
Chronos-2-Uni-ZS,1,enriched,hgb,0.004856
Chronos-2-Uni-ZS,1,enriched,hgb,0.0
Chronos-2-Uni-ZS,1,enriched,hgb,0.0
Chronos-2-Uni-ZS,1,enriched,hgb,0.004856
Chronos-2-Uni-ZS,1,enriched,hgb,0.0
Chronos-2-Uni-ZS,1,enriched,hgb,0.0
Chronos-2-Uni-ZS,1,enriched,hgb,0.0
Chronos-2-Uni-ZS,1,enriched,hgb,0.0
Chronos-2-Uni-ZS,1,enriched,hgb,0.0
Chronos-2-Uni-ZS,1,enriched,hgb,0.0
Chronos-2-Uni-ZS,1,enriched,hgb,0.0
Chronos-2-Uni-ZS,1,enriched,hgb,0.0
Chronos-2-Uni-ZS,1,enriched,hgb,0.0
Chronos-2-Uni-ZS,1,enriched,hgb,0.0
Chronos-2-Uni-ZS,1,enriched,hgb,0.0
Chronos-2-Uni-ZS,1,enriched,hgb,0.0
Chronos-2-Uni-ZS,1,enriched,hgb,0.0
Chronos-2-Uni-ZS,1,enriched,hgb,0.0
Chronos-2-Uni-ZS,1,enriched,hgb,0.0
Chronos-2-Uni-ZS,1,enriched,hgb,0.0
Chronos-2-Uni-ZS,1,enriched,hgb,0.0
Chronos-2-Uni-ZS,1,enriched,hgb,0.0
Chronos-2-Uni-ZS,1,enriched,hgb,0.0
Chronos-2-Uni-ZS,1,enriched,hgb,0.0
Chronos-2-Uni-ZS,1,enriched,hgb,0.0
Chronos-2-Uni-ZS,1,enriched,hgb,0.0
Chronos-2-Uni-ZS,1,enriched,hgb,0.0
Chronos-2-Uni-ZS,1,enriched,hgb,0.0
Chronos-2-Uni-ZS,1,enriched,hgb,0.0
Chronos-2-Uni-ZS,1,enriched,hgb,0.0
Chronos-2-Uni-ZS,1,enriched,hgb,0.0
Chronos-2-Uni-ZS,1,enriched,hgb,0.0
Chronos-2-Uni-ZS,1,enriched,hgb,0.0
Chronos-2-Uni-ZS,1,enriched,hgb,0.0
Chronos-2-Uni-ZS,1,enriched,hgb,0.004856
Chronos-2-Uni-ZS,1,enriched,hgb,0.0
Chronos-2-Uni-ZS,1,enriched,hgb,0.0
Chronos-2-Uni-ZS,1,enriched,hgb,0.0
Chronos-2-Uni-ZS,1,enriched,hgb,0.0
Chronos-2-Uni-ZS,1,enriched,hgb,0.0
Chronos-2-Uni-ZS,1,enriched,hgb,0.0
Chronos-2-Uni-ZS,1,enriched,hgb,0.0
Chronos-2-Uni-ZS,1,enriched,hgb,0.0
Chronos-2-Uni-ZS,1,enriched,hgb,0.0
Chronos-2-Uni-ZS,1,enriched,hgb,0.0
Chronos-2-Uni-ZS,1,enriched,hgb,0.0
Chronos-2-Uni-ZS,1,enriched,hgb,0.0
Chronos-2-Uni-ZS,1,enriched,hgb,0.0
Chronos-2-Uni-ZS,1,enriched,hgb,0.0
Chronos-2-Uni-ZS,1,enriched,hgb,0.0
Chronos-2-Uni-ZS,1,enriched,hgb,0.0
Chronos-2-Uni-ZS,1,enriched,hgb,0.0
Chronos-2-Uni-ZS,1,enriched,hgb,0.0
Chronos-2-Uni-ZS,1,enriched,hgb,0.0
Chronos-2-Uni-ZS,1,enriched,hgb,0.0
Chronos-2-Uni-ZS,1,enriched,hgb,0.0
Chronos-2-Uni-ZS,1,enriched,hgb,0.0
Chronos-2-Uni-ZS,1,enriched,hgb,0.011901
Chronos-2-Uni-ZS,1,enriched,hgb,0.0
Chronos-2-Uni-ZS,1,enriched,hgb,0.0
Chronos-2-Uni-ZS,1,enriched,hgb,0.0
Chronos-2-Uni-ZS,1,enriched,hgb,0.0
Chronos-2-Uni-ZS,1,enriched,hgb,0.0
Chronos-2-Uni-ZS,1,enriched,hgb,0.0
Chronos-2-Uni-ZS,1,enriched,hgb,0.0
Chronos-2-Uni-ZS,1,enriched,hgb,0.005367
Chronos-2-Uni-ZS,1,enriched,hgb,0.0
Chronos-2-Uni-ZS,1,enriched,hgb,0.0
Chronos-2-Uni-ZS,1,enriched,hgb,0.0
Chronos-2-Uni-ZS,1,enriched,hgb,0.0
Chronos-2-Uni-ZS,1,enriched,hgb,0.0
Chronos-2-Uni-ZS,1,enriched,hgb,0.0
Chronos-2-Uni-ZS,1,enriched,hgb,0.0
Chronos-2-Uni-ZS,24,country,hgb,0.0
Chronos-2-Uni-ZS,24,country,hgb,0.0
Chronos-2-Uni-ZS,24,country,hgb,0.0
Chronos-2-Uni-ZS,24,country,hgb,0.0
Chronos-2-Uni-ZS,24,country,hgb,0.0
Chronos-2-Uni-ZS,24,country,hgb,0.0
Chronos-2-Uni-ZS,24,country,hgb,0.0
Chronos-2-Uni-ZS,24,country,hgb,0.0
Chronos-2-Uni-ZS,24,country,hgb,0.0
Chronos-2-Uni-ZS,24,country,hgb,0.0
Chronos-2-Uni-ZS,24,country,hgb,0.0
Chronos-2-Uni-ZS,24,country,hgb,0.0
Chronos-2-Uni-ZS,24,country,hgb,0.0
Chronos-2-Uni-ZS,24,country,hgb,0.0
Chronos-2-Uni-ZS,24,country,hgb,0.0
Chronos-2-Uni-ZS,24,country,hgb,0.0
Chronos-2-Uni-ZS,24,country,hgb,0.0
Chronos-2-Uni-ZS,24,country,hgb,0.0
Chronos-2-Uni-ZS,24,country,hgb,0.0
Chronos-2-Uni-ZS,24,country,hgb,0.0
Chronos-2-Uni-ZS,24,country,hgb,0.0
Chronos-2-Uni-ZS,24,country,hgb,0.0
Chronos-2-Uni-ZS,24,country,hgb,0.0
Chronos-2-Uni-ZS,24,country,hgb,0.0
Chronos-2-Uni-ZS,24,country,hgb,0.0
Chronos-2-Uni-ZS,24,country,hgb,0.0
Chronos-2-Uni-ZS,24,country,hgb,0.0
Chronos-2-Uni-ZS,24,country,hgb,0.0
Chronos-2-Uni-ZS,24,country,hgb,0.0
Chronos-2-Uni-ZS,24,country,hgb,0.0
Chronos-2-Uni-ZS,24,country,hgb,0.0
Chronos-2-Uni-ZS,24,country,hgb,0.0
Chronos-2-Uni-ZS,24,country,hgb,0.0
Chronos-2-Uni-ZS,24,country,hgb,0.0
Chronos-2-Uni-ZS,24,country,hgb,0.0
Chronos-2-Uni-ZS,24,country,hgb,0.0
Chronos-2-Uni-ZS,24,country,hgb,0.0
Chronos-2-Uni-ZS,24,country,hgb,0.0
Chronos-2-Uni-ZS,24,country,hgb,0.0
Chronos-2-Uni-ZS,24,country,hgb,0.0
Chronos-2-Uni-ZS,24,country,hgb,0.0
Chronos-2-Uni-ZS,24,country,hgb,0.0
Chronos-2-Uni-ZS,24,country,hgb,0.0
Chronos-2-Uni-ZS,24,country,hgb,0.0
Chronos-2-Uni-ZS,24,country,hgb,0.0
Chronos-2-Uni-ZS,24,country,hgb,0.0
Chronos-2-Uni-ZS,24,country,hgb,0.0
Chronos-2-Uni-ZS,24,country,hgb,0.0
Chronos-2-Uni-ZS,24,country,hgb,0.0
Chronos-2-Uni-ZS,24,country,hgb,0.0
Chronos-2-Uni-ZS,24,country,hgb,0.0
Chronos-2-Uni-ZS,24,country,hgb,0.0
Chronos-2-Uni-ZS,24,country,hgb,0.0
Chronos-2-Uni-ZS,24,country,hgb,0.0
Chronos-2-Uni-ZS,24,country,hgb,0.0
Chronos-2-Uni-ZS,24,country,hgb,0.0
Chronos-2-Uni-ZS,24,country,hgb,0.0
Chronos-2-Uni-ZS,24,country,hgb,0.0
Chronos-2-Uni-ZS,24,country,hgb,0.0
Chronos-2-Uni-ZS,24,country,hgb,0.0
Chronos-2-Uni-ZS,24,country,hgb,0.0
Chronos-2-Uni-ZS,24,country,hgb,0.0
Chronos-2-Uni-ZS,24,country,hgb,0.0
Chronos-2-Uni-ZS,24,country,hgb,0.0
Chronos-2-Uni-ZS,24,country,hgb,0.0
Chronos-2-Uni-ZS,24,country,hgb,0.0
Chronos-2-Uni-ZS,24,country,hgb,0.0
Chronos-2-Uni-ZS,24,country,hgb,0.0
Chronos-2-Uni-ZS,24,country,hgb,0.0
Chronos-2-Uni-ZS,24,country,hgb,0.0
Chronos-2-Uni-ZS,24,country,hgb,0.0
Chronos-2-Uni-ZS,24,country,hgb,0.0
Chronos-2-Uni-ZS,24,country,hgb,0.0
Chronos-2-Uni-ZS,24,country,hgb,0.0
Chronos-2-Uni-ZS,24,country,hgb,0.0
Chronos-2-Uni-ZS,24,country,hgb,0.0
Chronos-2-Uni-ZS,24,country,hgb,0.0
Chronos-2-Uni-ZS,24,country,hgb,0.0
Chronos-2-Uni-ZS,24,country,hgb,0.0
Chronos-2-Uni-ZS,24,country,hgb,0.0
Chronos-2-Uni-ZS,24,country,hgb,0.0
Chronos-2-Uni-ZS,24,country,hgb,0.0
Chronos-2-Uni-ZS,24,country,hgb,0.0
Chronos-2-Uni-ZS,24,country,hgb,0.0
Chronos-2-Uni-ZS,24,country,hgb,0.0
Chronos-2-Uni-ZS,24,country,hgb,0.0
Chronos-2-Uni-ZS,24,country,hgb,0.0
Chronos-2-Uni-ZS,24,country,hgb,0.0
Chronos-2-Uni-ZS,24,country,hgb,0.0
Chronos-2-Uni-ZS,24,country,hgb,0.0
Chronos-2-Uni-ZS,24,country,hgb,0.0
Chronos-2-Uni-ZS,24,country,hgb,0.0
Chronos-2-Uni-ZS,24,country,hgb,0.0
Chronos-2-Uni-ZS,24,country,hgb,0.0
Chronos-2-Uni-ZS,24,country,hgb,0.0
Chronos-2-Uni-ZS,24,country,hgb,0.0
Chronos-2-Uni-ZS,24,country,hgb,0.0
Chronos-2-Uni-ZS,24,country,hgb,0.0
Chronos-2-Uni-ZS,24,country,hgb,0.0
Chronos-2-Uni-ZS,24,cheap,hgb,0.004219
Chronos-2-Uni-ZS,24,cheap,hgb,0.0
Chronos-2-Uni-ZS,24,cheap,hgb,0.0
Chronos-2-Uni-ZS,24,cheap,hgb,0.033625
Chronos-2-Uni-ZS,24,cheap,hgb,0.039352
Chronos-2-Uni-ZS,24,cheap,hgb,0.017758
Chronos-2-Uni-ZS,24,cheap,hgb,0.004219
Chronos-2-Uni-ZS,24,cheap,hgb,0.0
Chronos-2-Uni-ZS,24,cheap,hgb,0.0
Chronos-2-Uni-ZS,24,cheap,hgb,0.0
Chronos-2-Uni-ZS,24,cheap,hgb,0.0
Chronos-2-Uni-ZS,24,cheap,hgb,0.0
Chronos-2-Uni-ZS,24,cheap,hgb,0.0
Chronos-2-Uni-ZS,24,cheap,hgb,0.0
Chronos-2-Uni-ZS,24,cheap,hgb,0.0
Chronos-2-Uni-ZS,24,cheap,hgb,0.0
Chronos-2-Uni-ZS,24,cheap,hgb,0.0
Chronos-2-Uni-ZS,24,cheap,hgb,0.0
Chronos-2-Uni-ZS,24,cheap,hgb,0.004219
Chronos-2-Uni-ZS,24,cheap,hgb,0.0
Chronos-2-Uni-ZS,24,cheap,hgb,0.0
Chronos-2-Uni-ZS,24,cheap,hgb,0.000314
Chronos-2-Uni-ZS,24,cheap,hgb,0.039352
Chronos-2-Uni-ZS,24,cheap,hgb,0.0
Chronos-2-Uni-ZS,24,cheap,hgb,0.012037
Chronos-2-Uni-ZS,24,cheap,hgb,0.0
Chronos-2-Uni-ZS,24,cheap,hgb,0.0
Chronos-2-Uni-ZS,24,cheap,hgb,0.0
Chronos-2-Uni-ZS,24,cheap,hgb,0.0
Chronos-2-Uni-ZS,24,cheap,hgb,0.0
Chronos-2-Uni-ZS,24,cheap,hgb,0.0
Chronos-2-Uni-ZS,24,cheap,hgb,0.0
Chronos-2-Uni-ZS,24,cheap,hgb,0.0
Chronos-2-Uni-ZS,24,cheap,hgb,0.0
Chronos-2-Uni-ZS,24,cheap,hgb,0.0
Chronos-2-Uni-ZS,24,cheap,hgb,0.0
Chronos-2-Uni-ZS,24,cheap,hgb,0.0
Chronos-2-Uni-ZS,24,cheap,hgb,0.0
Chronos-2-Uni-ZS,24,cheap,hgb,0.0
Chronos-2-Uni-ZS,24,cheap,hgb,0.0
Chronos-2-Uni-ZS,24,cheap,hgb,0.0
Chronos-2-Uni-ZS,24,cheap,hgb,0.0
Chronos-2-Uni-ZS,24,cheap,hgb,0.0
Chronos-2-Uni-ZS,24,cheap,hgb,0.0
Chronos-2-Uni-ZS,24,cheap,hgb,0.0
Chronos-2-Uni-ZS,24,cheap,hgb,0.0
Chronos-2-Uni-ZS,24,cheap,hgb,0.0
Chronos-2-Uni-ZS,24,cheap,hgb,0.0
Chronos-2-Uni-ZS,24,cheap,hgb,0.0
Chronos-2-Uni-ZS,24,cheap,hgb,0.004219
Chronos-2-Uni-ZS,24,cheap,hgb,0.0
Chronos-2-Uni-ZS,24,cheap,hgb,0.033051
Chronos-2-Uni-ZS,24,cheap,hgb,0.0
Chronos-2-Uni-ZS,24,cheap,hgb,0.0
Chronos-2-Uni-ZS,24,cheap,hgb,0.0
Chronos-2-Uni-ZS,24,cheap,hgb,0.004219
Chronos-2-Uni-ZS,24,cheap,hgb,0.0
Chronos-2-Uni-ZS,24,cheap,hgb,0.000314
Chronos-2-Uni-ZS,24,cheap,hgb,0.0
Chronos-2-Uni-ZS,24,cheap,hgb,0.0
Chronos-2-Uni-ZS,24,cheap,hgb,0.0
Chronos-2-Uni-ZS,24,cheap,hgb,0.0
Chronos-2-Uni-ZS,24,cheap,hgb,0.0
Chronos-2-Uni-ZS,24,cheap,hgb,0.004219
Chronos-2-Uni-ZS,24,cheap,hgb,0.0
Chronos-2-Uni-ZS,24,cheap,hgb,0.0
Chronos-2-Uni-ZS,24,cheap,hgb,0.0
Chronos-2-Uni-ZS,24,cheap,hgb,0.0
Chronos-2-Uni-ZS,24,cheap,hgb,0.0
Chronos-2-Uni-ZS,24,cheap,hgb,0.0
Chronos-2-Uni-ZS,24,cheap,hgb,0.0
Chronos-2-Uni-ZS,24,cheap,hgb,0.0
Chronos-2-Uni-ZS,24,cheap,hgb,0.0
Chronos-2-Uni-ZS,24,cheap,hgb,0.0
Chronos-2-Uni-ZS,24,cheap,hgb,0.0
Chronos-2-Uni-ZS,24,cheap,hgb,0.0
Chronos-2-Uni-ZS,24,cheap,hgb,0.0
Chronos-2-Uni-ZS,24,cheap,hgb,0.029183
Chronos-2-Uni-ZS,24,cheap,hgb,0.017758
Chronos-2-Uni-ZS,24,cheap,hgb,0.01959
Chronos-2-Uni-ZS,24,cheap,hgb,0.0
Chronos-2-Uni-ZS,24,cheap,hgb,0.0
Chronos-2-Uni-ZS,24,cheap,hgb,0.0
Chronos-2-Uni-ZS,24,cheap,hgb,0.0
Chronos-2-Uni-ZS,24,cheap,hgb,0.000314
Chronos-2-Uni-ZS,24,cheap,hgb,0.0
Chronos-2-Uni-ZS,24,cheap,hgb,0.023882
Chronos-2-Uni-ZS,24,cheap,hgb,0.0
Chronos-2-Uni-ZS,24,cheap,hgb,0.0
Chronos-2-Uni-ZS,24,cheap,hgb,0.021925
Chronos-2-Uni-ZS,24,cheap,hgb,0.0
Chronos-2-Uni-ZS,24,cheap,hgb,0.012037
Chronos-2-Uni-ZS,24,cheap,hgb,0.0
Chronos-2-Uni-ZS,24,cheap,hgb,0.0
Chronos-2-Uni-ZS,24,cheap,hgb,0.0
Chronos-2-Uni-ZS,24,cheap,hgb,0.0
Chronos-2-Uni-ZS,24,cheap,hgb,0.0
Chronos-2-Uni-ZS,24,cheap,hgb,0.0
Chronos-2-Uni-ZS,24,cheap,hgb,0.0
Chronos-2-Uni-ZS,24,enriched,hgb,0.0
Chronos-2-Uni-ZS,24,enriched,hgb,0.01959
Chronos-2-Uni-ZS,24,enriched,hgb,0.012037
Chronos-2-Uni-ZS,24,enriched,hgb,0.0
Chronos-2-Uni-ZS,24,enriched,hgb,0.0
Chronos-2-Uni-ZS,24,enriched,hgb,0.0
Chronos-2-Uni-ZS,24,enriched,hgb,0.0
Chronos-2-Uni-ZS,24,enriched,hgb,0.0
Chronos-2-Uni-ZS,24,enriched,hgb,0.004219
Chronos-2-Uni-ZS,24,enriched,hgb,0.0
Chronos-2-Uni-ZS,24,enriched,hgb,0.004219
Chronos-2-Uni-ZS,24,enriched,hgb,0.0
Chronos-2-Uni-ZS,24,enriched,hgb,0.0
Chronos-2-Uni-ZS,24,enriched,hgb,0.032396
Chronos-2-Uni-ZS,24,enriched,hgb,0.0
Chronos-2-Uni-ZS,24,enriched,hgb,0.0
Chronos-2-Uni-ZS,24,enriched,hgb,0.004219
Chronos-2-Uni-ZS,24,enriched,hgb,0.0
Chronos-2-Uni-ZS,24,enriched,hgb,0.0
Chronos-2-Uni-ZS,24,enriched,hgb,0.0
Chronos-2-Uni-ZS,24,enriched,hgb,0.0
Chronos-2-Uni-ZS,24,enriched,hgb,0.0
Chronos-2-Uni-ZS,24,enriched,hgb,0.0
Chronos-2-Uni-ZS,24,enriched,hgb,0.0
Chronos-2-Uni-ZS,24,enriched,hgb,0.0
Chronos-2-Uni-ZS,24,enriched,hgb,0.0
Chronos-2-Uni-ZS,24,enriched,hgb,0.0
Chronos-2-Uni-ZS,24,enriched,hgb,0.0
Chronos-2-Uni-ZS,24,enriched,hgb,0.0
Chronos-2-Uni-ZS,24,enriched,hgb,0.021925
Chronos-2-Uni-ZS,24,enriched,hgb,0.0
Chronos-2-Uni-ZS,24,enriched,hgb,0.0
Chronos-2-Uni-ZS,24,enriched,hgb,0.033051
Chronos-2-Uni-ZS,24,enriched,hgb,0.01959
Chronos-2-Uni-ZS,24,enriched,hgb,0.0
Chronos-2-Uni-ZS,24,enriched,hgb,0.004219
Chronos-2-Uni-ZS,24,enriched,hgb,0.0
Chronos-2-Uni-ZS,24,enriched,hgb,0.0
Chronos-2-Uni-ZS,24,enriched,hgb,0.017758
Chronos-2-Uni-ZS,24,enriched,hgb,0.0
Chronos-2-Uni-ZS,24,enriched,hgb,0.0
Chronos-2-Uni-ZS,24,enriched,hgb,0.000314
Chronos-2-Uni-ZS,24,enriched,hgb,0.0
Chronos-2-Uni-ZS,24,enriched,hgb,0.0
Chronos-2-Uni-ZS,24,enriched,hgb,0.01959
Chronos-2-Uni-ZS,24,enriched,hgb,0.0
Chronos-2-Uni-ZS,24,enriched,hgb,0.0
Chronos-2-Uni-ZS,24,enriched,hgb,0.0
Chronos-2-Uni-ZS,24,enriched,hgb,0.0
Chronos-2-Uni-ZS,24,enriched,hgb,0.0
Chronos-2-Uni-ZS,24,enriched,hgb,0.0
Chronos-2-Uni-ZS,24,enriched,hgb,0.0
Chronos-2-Uni-ZS,24,enriched,hgb,0.0
Chronos-2-Uni-ZS,24,enriched,hgb,0.033625
Chronos-2-Uni-ZS,24,enriched,hgb,0.0
Chronos-2-Uni-ZS,24,enriched,hgb,0.000314
Chronos-2-Uni-ZS,24,enriched,hgb,0.017758
Chronos-2-Uni-ZS,24,enriched,hgb,0.0
Chronos-2-Uni-ZS,24,enriched,hgb,0.0
Chronos-2-Uni-ZS,24,enriched,hgb,0.0
Chronos-2-Uni-ZS,24,enriched,hgb,0.0
Chronos-2-Uni-ZS,24,enriched,hgb,0.0
Chronos-2-Uni-ZS,24,enriched,hgb,0.0
Chronos-2-Uni-ZS,24,enriched,hgb,0.0
Chronos-2-Uni-ZS,24,enriched,hgb,0.0
Chronos-2-Uni-ZS,24,enriched,hgb,0.0
Chronos-2-Uni-ZS,24,enriched,hgb,0.0
Chronos-2-Uni-ZS,24,enriched,hgb,0.0
Chronos-2-Uni-ZS,24,enriched,hgb,0.0
Chronos-2-Uni-ZS,24,enriched,hgb,0.0
Chronos-2-Uni-ZS,24,enriched,hgb,0.0
Chronos-2-Uni-ZS,24,enriched,hgb,0.0
Chronos-2-Uni-ZS,24,enriched,hgb,0.0
Chronos-2-Uni-ZS,24,enriched,hgb,0.017758
Chronos-2-Uni-ZS,24,enriched,hgb,0.0
Chronos-2-Uni-ZS,24,enriched,hgb,0.0
Chronos-2-Uni-ZS,24,enriched,hgb,0.0
Chronos-2-Uni-ZS,24,enriched,hgb,0.0
Chronos-2-Uni-ZS,24,enriched,hgb,0.01959
Chronos-2-Uni-ZS,24,enriched,hgb,0.0
Chronos-2-Uni-ZS,24,enriched,hgb,0.0
Chronos-2-Uni-ZS,24,enriched,hgb,0.0
Chronos-2-Uni-ZS,24,enriched,hgb,0.004219
Chronos-2-Uni-ZS,24,enriched,hgb,0.0
Chronos-2-Uni-ZS,24,enriched,hgb,0.0
Chronos-2-Uni-ZS,24,enriched,hgb,0.0
Chronos-2-Uni-ZS,24,enriched,hgb,0.0
Chronos-2-Uni-ZS,24,enriched,hgb,0.049663
Chronos-2-Uni-ZS,24,enriched,hgb,0.0
Chronos-2-Uni-ZS,24,enriched,hgb,0.0
Chronos-2-Uni-ZS,24,enriched,hgb,0.0
Chronos-2-Uni-ZS,24,enriched,hgb,0.021925
Chronos-2-Uni-ZS,24,enriched,hgb,0.004219
Chronos-2-Uni-ZS,24,enriched,hgb,0.004219
Chronos-2-Uni-ZS,24,enriched,hgb,0.0
Chronos-2-Uni-ZS,24,enriched,hgb,0.000314
Chronos-2-Uni-ZS,24,enriched,hgb,0.041649
Chronos-2-Uni-ZS,24,enriched,hgb,0.0
Chronos-2-Uni-ZS,24,enriched,hgb,0.0
Chronos-2-Uni-ZS,168,country,hgb,0.000274
Chronos-2-Uni-ZS,168,country,hgb,0.099627
Chronos-2-Uni-ZS,168,country,hgb,0.06147
Chronos-2-Uni-ZS,168,country,hgb,0.020472
Chronos-2-Uni-ZS,168,country,hgb,0.06147
Chronos-2-Uni-ZS,168,country,hgb,0.06147
Chronos-2-Uni-ZS,168,country,hgb,0.001916
Chronos-2-Uni-ZS,168,country,hgb,0.052736
Chronos-2-Uni-ZS,168,country,hgb,0.06147
Chronos-2-Uni-ZS,168,country,hgb,0.06147
Chronos-2-Uni-ZS,168,country,hgb,0.0
Chronos-2-Uni-ZS,168,country,hgb,0.001916
Chronos-2-Uni-ZS,168,country,hgb,0.055912
Chronos-2-Uni-ZS,168,country,hgb,0.037405
Chronos-2-Uni-ZS,168,country,hgb,0.020472
Chronos-2-Uni-ZS,168,country,hgb,0.06147
Chronos-2-Uni-ZS,168,country,hgb,0.06147
Chronos-2-Uni-ZS,168,country,hgb,0.06147
Chronos-2-Uni-ZS,168,country,hgb,0.06147
Chronos-2-Uni-ZS,168,country,hgb,0.06147
Chronos-2-Uni-ZS,168,country,hgb,0.06147
Chronos-2-Uni-ZS,168,country,hgb,0.061196
Chronos-2-Uni-ZS,168,country,hgb,0.0
Chronos-2-Uni-ZS,168,country,hgb,0.06147
Chronos-2-Uni-ZS,168,country,hgb,0.0
Chronos-2-Uni-ZS,168,country,hgb,0.037405
Chronos-2-Uni-ZS,168,country,hgb,0.06147
Chronos-2-Uni-ZS,168,country,hgb,0.052736
Chronos-2-Uni-ZS,168,country,hgb,0.06147
Chronos-2-Uni-ZS,168,country,hgb,0.06147
Chronos-2-Uni-ZS,168,country,hgb,0.06147
Chronos-2-Uni-ZS,168,country,hgb,0.06147
Chronos-2-Uni-ZS,168,country,hgb,0.059198
Chronos-2-Uni-ZS,168,country,hgb,0.06147
Chronos-2-Uni-ZS,168,country,hgb,0.06147
Chronos-2-Uni-ZS,168,country,hgb,0.061196
Chronos-2-Uni-ZS,168,country,hgb,0.06147
Chronos-2-Uni-ZS,168,country,hgb,0.061196
Chronos-2-Uni-ZS,168,country,hgb,0.06147
Chronos-2-Uni-ZS,168,country,hgb,0.06147
Chronos-2-Uni-ZS,168,country,hgb,0.030129
Chronos-2-Uni-ZS,168,country,hgb,0.06147
Chronos-2-Uni-ZS,168,country,hgb,0.06147
Chronos-2-Uni-ZS,168,country,hgb,0.0
Chronos-2-Uni-ZS,168,country,hgb,0.06147
Chronos-2-Uni-ZS,168,country,hgb,0.0
Chronos-2-Uni-ZS,168,country,hgb,0.06147
Chronos-2-Uni-ZS,168,country,hgb,0.06147
Chronos-2-Uni-ZS,168,country,hgb,0.0
Chronos-2-Uni-ZS,168,country,hgb,0.052736
Chronos-2-Uni-ZS,168,country,hgb,0.059198
Chronos-2-Uni-ZS,168,country,hgb,0.020472
Chronos-2-Uni-ZS,168,country,hgb,0.001916
Chronos-2-Uni-ZS,168,country,hgb,0.001916
Chronos-2-Uni-ZS,168,country,hgb,0.06147
Chronos-2-Uni-ZS,168,country,hgb,0.059198
Chronos-2-Uni-ZS,168,country,hgb,0.037405
Chronos-2-Uni-ZS,168,country,hgb,0.06147
Chronos-2-Uni-ZS,168,country,hgb,0.04591
Chronos-2-Uni-ZS,168,country,hgb,0.06147
Chronos-2-Uni-ZS,168,country,hgb,0.045215
Chronos-2-Uni-ZS,168,country,hgb,0.06147
Chronos-2-Uni-ZS,168,country,hgb,0.06147
Chronos-2-Uni-ZS,168,country,hgb,0.06147
Chronos-2-Uni-ZS,168,country,hgb,0.001916
Chronos-2-Uni-ZS,168,country,hgb,0.06147
Chronos-2-Uni-ZS,168,country,hgb,0.06147
Chronos-2-Uni-ZS,168,country,hgb,0.001916
Chronos-2-Uni-ZS,168,country,hgb,0.06147
Chronos-2-Uni-ZS,168,country,hgb,0.055912
Chronos-2-Uni-ZS,168,country,hgb,0.001916
Chronos-2-Uni-ZS,168,country,hgb,0.06147
Chronos-2-Uni-ZS,168,country,hgb,0.052736
Chronos-2-Uni-ZS,168,country,hgb,0.055912
Chronos-2-Uni-ZS,168,country,hgb,0.045215
Chronos-2-Uni-ZS,168,country,hgb,0.070149
Chronos-2-Uni-ZS,168,country,hgb,0.0
Chronos-2-Uni-ZS,168,country,hgb,0.06147
Chronos-2-Uni-ZS,168,country,hgb,0.059198
Chronos-2-Uni-ZS,168,country,hgb,0.082899
Chronos-2-Uni-ZS,168,country,hgb,0.001916
Chronos-2-Uni-ZS,168,country,hgb,0.06147
Chronos-2-Uni-ZS,168,country,hgb,0.06147
Chronos-2-Uni-ZS,168,country,hgb,0.06147
Chronos-2-Uni-ZS,168,country,hgb,0.06147
Chronos-2-Uni-ZS,168,country,hgb,0.04591
Chronos-2-Uni-ZS,168,country,hgb,0.052736
Chronos-2-Uni-ZS,168,country,hgb,0.016887
Chronos-2-Uni-ZS,168,country,hgb,0.06147
Chronos-2-Uni-ZS,168,country,hgb,0.001916
Chronos-2-Uni-ZS,168,country,hgb,0.06147
Chronos-2-Uni-ZS,168,country,hgb,0.06147
Chronos-2-Uni-ZS,168,country,hgb,0.06147
Chronos-2-Uni-ZS,168,country,hgb,0.06147
Chronos-2-Uni-ZS,168,country,hgb,0.001916
Chronos-2-Uni-ZS,168,country,hgb,0.045215
Chronos-2-Uni-ZS,168,country,hgb,0.06147
Chronos-2-Uni-ZS,168,country,hgb,0.038279
Chronos-2-Uni-ZS,168,country,hgb,0.055912
Chronos-2-Uni-ZS,168,cheap,hgb,0.028
Chronos-2-Uni-ZS,168,cheap,hgb,0.016593
Chronos-2-Uni-ZS,168,cheap,hgb,0.010075
Chronos-2-Uni-ZS,168,cheap,hgb,0.001916
Chronos-2-Uni-ZS,168,cheap,hgb,0.0
Chronos-2-Uni-ZS,168,cheap,hgb,0.038279
Chronos-2-Uni-ZS,168,cheap,hgb,0.06147
Chronos-2-Uni-ZS,168,cheap,hgb,0.010075
Chronos-2-Uni-ZS,168,cheap,hgb,0.0
Chronos-2-Uni-ZS,168,cheap,hgb,0.059198
Chronos-2-Uni-ZS,168,cheap,hgb,0.037405
Chronos-2-Uni-ZS,168,cheap,hgb,0.010075
Chronos-2-Uni-ZS,168,cheap,hgb,0.061196
Chronos-2-Uni-ZS,168,cheap,hgb,0.028
Chronos-2-Uni-ZS,168,cheap,hgb,0.010075
Chronos-2-Uni-ZS,168,cheap,hgb,0.055912
Chronos-2-Uni-ZS,168,cheap,hgb,0.0
Chronos-2-Uni-ZS,168,cheap,hgb,0.069855
Chronos-2-Uni-ZS,168,cheap,hgb,0.028
Chronos-2-Uni-ZS,168,cheap,hgb,0.0
Chronos-2-Uni-ZS,168,cheap,hgb,0.038279
Chronos-2-Uni-ZS,168,cheap,hgb,0.0
Chronos-2-Uni-ZS,168,cheap,hgb,0.0
Chronos-2-Uni-ZS,168,cheap,hgb,0.028
Chronos-2-Uni-ZS,168,cheap,hgb,0.028
Chronos-2-Uni-ZS,168,cheap,hgb,0.0
Chronos-2-Uni-ZS,168,cheap,hgb,0.078658
Chronos-2-Uni-ZS,168,cheap,hgb,0.078658
Chronos-2-Uni-ZS,168,cheap,hgb,0.038279
Chronos-2-Uni-ZS,168,cheap,hgb,0.030129
Chronos-2-Uni-ZS,168,cheap,hgb,0.028
Chronos-2-Uni-ZS,168,cheap,hgb,0.0
Chronos-2-Uni-ZS,168,cheap,hgb,0.028
Chronos-2-Uni-ZS,168,cheap,hgb,0.010075
Chronos-2-Uni-ZS,168,cheap,hgb,0.014402
Chronos-2-Uni-ZS,168,cheap,hgb,0.061196
Chronos-2-Uni-ZS,168,cheap,hgb,0.028
Chronos-2-Uni-ZS,168,cheap,hgb,0.028
Chronos-2-Uni-ZS,168,cheap,hgb,0.0
Chronos-2-Uni-ZS,168,cheap,hgb,0.0
Chronos-2-Uni-ZS,168,cheap,hgb,0.016593
Chronos-2-Uni-ZS,168,cheap,hgb,0.038279
Chronos-2-Uni-ZS,168,cheap,hgb,0.00785
Chronos-2-Uni-ZS,168,cheap,hgb,0.0
Chronos-2-Uni-ZS,168,cheap,hgb,0.061196
Chronos-2-Uni-ZS,168,cheap,hgb,0.051463
Chronos-2-Uni-ZS,168,cheap,hgb,0.010075
Chronos-2-Uni-ZS,168,cheap,hgb,0.00785
Chronos-2-Uni-ZS,168,cheap,hgb,0.051463
Chronos-2-Uni-ZS,168,cheap,hgb,0.038279
Chronos-2-Uni-ZS,168,cheap,hgb,0.00785
Chronos-2-Uni-ZS,168,cheap,hgb,0.0
Chronos-2-Uni-ZS,168,cheap,hgb,0.078658
Chronos-2-Uni-ZS,168,cheap,hgb,0.038279
Chronos-2-Uni-ZS,168,cheap,hgb,0.016593
Chronos-2-Uni-ZS,168,cheap,hgb,0.0
Chronos-2-Uni-ZS,168,cheap,hgb,0.04591
Chronos-2-Uni-ZS,168,cheap,hgb,0.0
Chronos-2-Uni-ZS,168,cheap,hgb,0.0
Chronos-2-Uni-ZS,168,cheap,hgb,0.0
Chronos-2-Uni-ZS,168,cheap,hgb,0.069855
Chronos-2-Uni-ZS,168,cheap,hgb,0.010075
Chronos-2-Uni-ZS,168,cheap,hgb,0.041996
Chronos-2-Uni-ZS,168,cheap,hgb,0.0
Chronos-2-Uni-ZS,168,cheap,hgb,0.010075
Chronos-2-Uni-ZS,168,cheap,hgb,0.0
Chronos-2-Uni-ZS,168,cheap,hgb,0.010075
Chronos-2-Uni-ZS,168,cheap,hgb,0.016887
Chronos-2-Uni-ZS,168,cheap,hgb,0.0
Chronos-2-Uni-ZS,168,cheap,hgb,0.0
Chronos-2-Uni-ZS,168,cheap,hgb,0.028
Chronos-2-Uni-ZS,168,cheap,hgb,0.010075
Chronos-2-Uni-ZS,168,cheap,hgb,0.0
Chronos-2-Uni-ZS,168,cheap,hgb,0.016887
Chronos-2-Uni-ZS,168,cheap,hgb,0.03285
Chronos-2-Uni-ZS,168,cheap,hgb,0.045215
Chronos-2-Uni-ZS,168,cheap,hgb,0.028
Chronos-2-Uni-ZS,168,cheap,hgb,0.061196
Chronos-2-Uni-ZS,168,cheap,hgb,0.014402
Chronos-2-Uni-ZS,168,cheap,hgb,0.038279
Chronos-2-Uni-ZS,168,cheap,hgb,0.010075
Chronos-2-Uni-ZS,168,cheap,hgb,0.0
Chronos-2-Uni-ZS,168,cheap,hgb,0.028
Chronos-2-Uni-ZS,168,cheap,hgb,0.061196
Chronos-2-Uni-ZS,168,cheap,hgb,0.052736
Chronos-2-Uni-ZS,168,cheap,hgb,0.0
Chronos-2-Uni-ZS,168,cheap,hgb,0.028
Chronos-2-Uni-ZS,168,cheap,hgb,0.028
Chronos-2-Uni-ZS,168,cheap,hgb,0.069855
Chronos-2-Uni-ZS,168,cheap,hgb,0.085834
Chronos-2-Uni-ZS,168,cheap,hgb,0.0
Chronos-2-Uni-ZS,168,cheap,hgb,0.028
Chronos-2-Uni-ZS,168,cheap,hgb,0.038279
Chronos-2-Uni-ZS,168,cheap,hgb,0.000274
Chronos-2-Uni-ZS,168,cheap,hgb,0.0
Chronos-2-Uni-ZS,168,cheap,hgb,0.0
Chronos-2-Uni-ZS,168,cheap,hgb,0.06147
Chronos-2-Uni-ZS,168,cheap,hgb,0.038279
Chronos-2-Uni-ZS,168,cheap,hgb,0.00785
Chronos-2-Uni-ZS,168,enriched,hgb,0.038279
Chronos-2-Uni-ZS,168,enriched,hgb,0.06938
Chronos-2-Uni-ZS,168,enriched,hgb,0.0
Chronos-2-Uni-ZS,168,enriched,hgb,0.010075
Chronos-2-Uni-ZS,168,enriched,hgb,0.041996
Chronos-2-Uni-ZS,168,enriched,hgb,0.085834
Chronos-2-Uni-ZS,168,enriched,hgb,0.038279
Chronos-2-Uni-ZS,168,enriched,hgb,0.0
Chronos-2-Uni-ZS,168,enriched,hgb,0.0
Chronos-2-Uni-ZS,168,enriched,hgb,0.028
Chronos-2-Uni-ZS,168,enriched,hgb,0.028
Chronos-2-Uni-ZS,168,enriched,hgb,0.00785
Chronos-2-Uni-ZS,168,enriched,hgb,0.00785
Chronos-2-Uni-ZS,168,enriched,hgb,0.100491
Chronos-2-Uni-ZS,168,enriched,hgb,0.0
Chronos-2-Uni-ZS,168,enriched,hgb,0.03285
Chronos-2-Uni-ZS,168,enriched,hgb,0.0
Chronos-2-Uni-ZS,168,enriched,hgb,0.016593
Chronos-2-Uni-ZS,168,enriched,hgb,0.0
Chronos-2-Uni-ZS,168,enriched,hgb,0.038279
Chronos-2-Uni-ZS,168,enriched,hgb,0.06147
Chronos-2-Uni-ZS,168,enriched,hgb,0.038279
Chronos-2-Uni-ZS,168,enriched,hgb,0.016593
Chronos-2-Uni-ZS,168,enriched,hgb,0.0
Chronos-2-Uni-ZS,168,enriched,hgb,0.04591
Chronos-2-Uni-ZS,168,enriched,hgb,0.061196
Chronos-2-Uni-ZS,168,enriched,hgb,0.00785
Chronos-2-Uni-ZS,168,enriched,hgb,0.016593
Chronos-2-Uni-ZS,168,enriched,hgb,0.0
Chronos-2-Uni-ZS,168,enriched,hgb,0.038279
Chronos-2-Uni-ZS,168,enriched,hgb,0.0
Chronos-2-Uni-ZS,168,enriched,hgb,0.038279
Chronos-2-Uni-ZS,168,enriched,hgb,0.00785
Chronos-2-Uni-ZS,168,enriched,hgb,0.051463
Chronos-2-Uni-ZS,168,enriched,hgb,0.028
Chronos-2-Uni-ZS,168,enriched,hgb,0.0
Chronos-2-Uni-ZS,168,enriched,hgb,0.010075
Chronos-2-Uni-ZS,168,enriched,hgb,0.028
Chronos-2-Uni-ZS,168,enriched,hgb,0.000274
Chronos-2-Uni-ZS,168,enriched,hgb,0.010075
Chronos-2-Uni-ZS,168,enriched,hgb,0.0
Chronos-2-Uni-ZS,168,enriched,hgb,0.00785
Chronos-2-Uni-ZS,168,enriched,hgb,0.010075
Chronos-2-Uni-ZS,168,enriched,hgb,0.061196
Chronos-2-Uni-ZS,168,enriched,hgb,0.0
Chronos-2-Uni-ZS,168,enriched,hgb,0.0
Chronos-2-Uni-ZS,168,enriched,hgb,0.06147
Chronos-2-Uni-ZS,168,enriched,hgb,0.038279
Chronos-2-Uni-ZS,168,enriched,hgb,0.051463
Chronos-2-Uni-ZS,168,enriched,hgb,0.070149
Chronos-2-Uni-ZS,168,enriched,hgb,0.028
Chronos-2-Uni-ZS,168,enriched,hgb,0.04591
Chronos-2-Uni-ZS,168,enriched,hgb,0.038279
Chronos-2-Uni-ZS,168,enriched,hgb,0.0
Chronos-2-Uni-ZS,168,enriched,hgb,0.038279
Chronos-2-Uni-ZS,168,enriched,hgb,0.028
Chronos-2-Uni-ZS,168,enriched,hgb,0.028
Chronos-2-Uni-ZS,168,enriched,hgb,0.0
Chronos-2-Uni-ZS,168,enriched,hgb,0.0
Chronos-2-Uni-ZS,168,enriched,hgb,0.028
Chronos-2-Uni-ZS,168,enriched,hgb,0.0
Chronos-2-Uni-ZS,168,enriched,hgb,0.0
Chronos-2-Uni-ZS,168,enriched,hgb,0.010075
Chronos-2-Uni-ZS,168,enriched,hgb,0.06147
Chronos-2-Uni-ZS,168,enriched,hgb,0.0
Chronos-2-Uni-ZS,168,enriched,hgb,0.009682
Chronos-2-Uni-ZS,168,enriched,hgb,0.0
Chronos-2-Uni-ZS,168,enriched,hgb,0.0
Chronos-2-Uni-ZS,168,enriched,hgb,0.0
Chronos-2-Uni-ZS,168,enriched,hgb,0.078658
Chronos-2-Uni-ZS,168,enriched,hgb,0.022704
Chronos-2-Uni-ZS,168,enriched,hgb,0.051463
Chronos-2-Uni-ZS,168,enriched,hgb,0.016593
Chronos-2-Uni-ZS,168,enriched,hgb,0.028
Chronos-2-Uni-ZS,168,enriched,hgb,0.038279
Chronos-2-Uni-ZS,168,enriched,hgb,0.041996
Chronos-2-Uni-ZS,168,enriched,hgb,0.028
Chronos-2-Uni-ZS,168,enriched,hgb,0.069855
Chronos-2-Uni-ZS,168,enriched,hgb,0.0
Chronos-2-Uni-ZS,168,enriched,hgb,0.030168
Chronos-2-Uni-ZS,168,enriched,hgb,0.079946
Chronos-2-Uni-ZS,168,enriched,hgb,0.0
Chronos-2-Uni-ZS,168,enriched,hgb,0.007325
Chronos-2-Uni-ZS,168,enriched,hgb,0.038279
Chronos-2-Uni-ZS,168,enriched,hgb,0.010075
Chronos-2-Uni-ZS,168,enriched,hgb,0.030168
Chronos-2-Uni-ZS,168,enriched,hgb,0.038279
Chronos-2-Uni-ZS,168,enriched,hgb,0.088442
Chronos-2-Uni-ZS,168,enriched,hgb,0.016593
Chronos-2-Uni-ZS,168,enriched,hgb,0.0
Chronos-2-Uni-ZS,168,enriched,hgb,0.010075
Chronos-2-Uni-ZS,168,enriched,hgb,0.051463
Chronos-2-Uni-ZS,168,enriched,hgb,0.024672
Chronos-2-Uni-ZS,168,enriched,hgb,0.0
Chronos-2-Uni-ZS,168,enriched,hgb,0.028
Chronos-2-Uni-ZS,168,enriched,hgb,0.055912
Chronos-2-Uni-ZS,168,enriched,hgb,0.051463
Chronos-2-Uni-ZS,168,enriched,hgb,0.0
Chronos-2-Uni-ZS,168,enriched,hgb,0.028
Chronos-2-Uni-ZS,720,country,hgb,0.0
Chronos-2-Uni-ZS,720,country,hgb,0.0
Chronos-2-Uni-ZS,720,country,hgb,0.0
Chronos-2-Uni-ZS,720,country,hgb,0.0
Chronos-2-Uni-ZS,720,country,hgb,0.0
Chronos-2-Uni-ZS,720,country,hgb,0.0
Chronos-2-Uni-ZS,720,country,hgb,0.0
Chronos-2-Uni-ZS,720,country,hgb,0.0
Chronos-2-Uni-ZS,720,country,hgb,0.0
Chronos-2-Uni-ZS,720,country,hgb,0.0
Chronos-2-Uni-ZS,720,country,hgb,0.0
Chronos-2-Uni-ZS,720,country,hgb,0.0
Chronos-2-Uni-ZS,720,country,hgb,0.0
Chronos-2-Uni-ZS,720,country,hgb,0.0
Chronos-2-Uni-ZS,720,country,hgb,0.0
Chronos-2-Uni-ZS,720,country,hgb,0.0
Chronos-2-Uni-ZS,720,country,hgb,0.0
Chronos-2-Uni-ZS,720,country,hgb,0.0
Chronos-2-Uni-ZS,720,country,hgb,0.0
Chronos-2-Uni-ZS,720,country,hgb,0.0
Chronos-2-Uni-ZS,720,country,hgb,0.0
Chronos-2-Uni-ZS,720,country,hgb,0.0
Chronos-2-Uni-ZS,720,country,hgb,0.0
Chronos-2-Uni-ZS,720,country,hgb,0.0
Chronos-2-Uni-ZS,720,country,hgb,0.0
Chronos-2-Uni-ZS,720,country,hgb,0.0
Chronos-2-Uni-ZS,720,country,hgb,0.0
Chronos-2-Uni-ZS,720,country,hgb,0.0
Chronos-2-Uni-ZS,720,country,hgb,0.0
Chronos-2-Uni-ZS,720,country,hgb,0.0
Chronos-2-Uni-ZS,720,country,hgb,0.0
Chronos-2-Uni-ZS,720,country,hgb,0.0
Chronos-2-Uni-ZS,720,country,hgb,0.0
Chronos-2-Uni-ZS,720,country,hgb,0.0
Chronos-2-Uni-ZS,720,country,hgb,0.0
Chronos-2-Uni-ZS,720,country,hgb,0.0
Chronos-2-Uni-ZS,720,country,hgb,0.0
Chronos-2-Uni-ZS,720,country,hgb,0.0
Chronos-2-Uni-ZS,720,country,hgb,0.0
Chronos-2-Uni-ZS,720,country,hgb,0.0
Chronos-2-Uni-ZS,720,country,hgb,0.0
Chronos-2-Uni-ZS,720,country,hgb,0.0
Chronos-2-Uni-ZS,720,country,hgb,0.0
Chronos-2-Uni-ZS,720,country,hgb,0.0
Chronos-2-Uni-ZS,720,country,hgb,0.0
Chronos-2-Uni-ZS,720,country,hgb,0.0
Chronos-2-Uni-ZS,720,country,hgb,0.0
Chronos-2-Uni-ZS,720,country,hgb,0.0
Chronos-2-Uni-ZS,720,country,hgb,0.0
Chronos-2-Uni-ZS,720,country,hgb,0.0
Chronos-2-Uni-ZS,720,country,hgb,0.0
Chronos-2-Uni-ZS,720,country,hgb,0.0
Chronos-2-Uni-ZS,720,country,hgb,0.0
Chronos-2-Uni-ZS,720,country,hgb,0.0
Chronos-2-Uni-ZS,720,country,hgb,0.0
Chronos-2-Uni-ZS,720,country,hgb,0.0
Chronos-2-Uni-ZS,720,country,hgb,0.0
Chronos-2-Uni-ZS,720,country,hgb,0.0
Chronos-2-Uni-ZS,720,country,hgb,0.0
Chronos-2-Uni-ZS,720,country,hgb,0.0
Chronos-2-Uni-ZS,720,country,hgb,0.0
Chronos-2-Uni-ZS,720,country,hgb,0.0
Chronos-2-Uni-ZS,720,country,hgb,0.0
Chronos-2-Uni-ZS,720,country,hgb,0.0
Chronos-2-Uni-ZS,720,country,hgb,0.0
Chronos-2-Uni-ZS,720,country,hgb,0.0
Chronos-2-Uni-ZS,720,country,hgb,0.0
Chronos-2-Uni-ZS,720,country,hgb,0.0
Chronos-2-Uni-ZS,720,country,hgb,0.0
Chronos-2-Uni-ZS,720,country,hgb,0.0
Chronos-2-Uni-ZS,720,country,hgb,0.0
Chronos-2-Uni-ZS,720,country,hgb,0.0
Chronos-2-Uni-ZS,720,country,hgb,0.0
Chronos-2-Uni-ZS,720,country,hgb,0.0
Chronos-2-Uni-ZS,720,country,hgb,0.0
Chronos-2-Uni-ZS,720,country,hgb,0.0
Chronos-2-Uni-ZS,720,country,hgb,0.0
Chronos-2-Uni-ZS,720,country,hgb,0.0
Chronos-2-Uni-ZS,720,country,hgb,0.0
Chronos-2-Uni-ZS,720,country,hgb,0.0
Chronos-2-Uni-ZS,720,country,hgb,0.0
Chronos-2-Uni-ZS,720,country,hgb,0.0
Chronos-2-Uni-ZS,720,country,hgb,0.0
Chronos-2-Uni-ZS,720,country,hgb,0.0
Chronos-2-Uni-ZS,720,country,hgb,0.0
Chronos-2-Uni-ZS,720,country,hgb,0.0
Chronos-2-Uni-ZS,720,country,hgb,0.0
Chronos-2-Uni-ZS,720,country,hgb,0.0
Chronos-2-Uni-ZS,720,country,hgb,0.0
Chronos-2-Uni-ZS,720,country,hgb,0.0
Chronos-2-Uni-ZS,720,country,hgb,0.0
Chronos-2-Uni-ZS,720,country,hgb,0.0
Chronos-2-Uni-ZS,720,country,hgb,0.0
Chronos-2-Uni-ZS,720,country,hgb,0.0
Chronos-2-Uni-ZS,720,country,hgb,0.0
Chronos-2-Uni-ZS,720,country,hgb,0.0
Chronos-2-Uni-ZS,720,country,hgb,0.0
Chronos-2-Uni-ZS,720,country,hgb,0.0
Chronos-2-Uni-ZS,720,country,hgb,0.0
Chronos-2-Uni-ZS,720,cheap,hgb,0.0
Chronos-2-Uni-ZS,720,cheap,hgb,0.0
Chronos-2-Uni-ZS,720,cheap,hgb,0.0
Chronos-2-Uni-ZS,720,cheap,hgb,0.0
Chronos-2-Uni-ZS,720,cheap,hgb,0.0
Chronos-2-Uni-ZS,720,cheap,hgb,0.0
Chronos-2-Uni-ZS,720,cheap,hgb,0.0
Chronos-2-Uni-ZS,720,cheap,hgb,0.0
Chronos-2-Uni-ZS,720,cheap,hgb,0.002727
Chronos-2-Uni-ZS,720,cheap,hgb,0.0
Chronos-2-Uni-ZS,720,cheap,hgb,0.0
Chronos-2-Uni-ZS,720,cheap,hgb,0.019058
Chronos-2-Uni-ZS,720,cheap,hgb,0.0
Chronos-2-Uni-ZS,720,cheap,hgb,0.0
Chronos-2-Uni-ZS,720,cheap,hgb,0.0
Chronos-2-Uni-ZS,720,cheap,hgb,0.0
Chronos-2-Uni-ZS,720,cheap,hgb,0.0
Chronos-2-Uni-ZS,720,cheap,hgb,0.0
Chronos-2-Uni-ZS,720,cheap,hgb,0.0
Chronos-2-Uni-ZS,720,cheap,hgb,0.0
Chronos-2-Uni-ZS,720,cheap,hgb,0.011747
Chronos-2-Uni-ZS,720,cheap,hgb,0.0
Chronos-2-Uni-ZS,720,cheap,hgb,0.0
Chronos-2-Uni-ZS,720,cheap,hgb,0.0
Chronos-2-Uni-ZS,720,cheap,hgb,0.0
Chronos-2-Uni-ZS,720,cheap,hgb,0.0
Chronos-2-Uni-ZS,720,cheap,hgb,0.0
Chronos-2-Uni-ZS,720,cheap,hgb,0.0
Chronos-2-Uni-ZS,720,cheap,hgb,0.0
Chronos-2-Uni-ZS,720,cheap,hgb,0.0
Chronos-2-Uni-ZS,720,cheap,hgb,0.0
Chronos-2-Uni-ZS,720,cheap,hgb,0.0
Chronos-2-Uni-ZS,720,cheap,hgb,0.011747
Chronos-2-Uni-ZS,720,cheap,hgb,0.0
Chronos-2-Uni-ZS,720,cheap,hgb,0.0
Chronos-2-Uni-ZS,720,cheap,hgb,0.0
Chronos-2-Uni-ZS,720,cheap,hgb,0.0
Chronos-2-Uni-ZS,720,cheap,hgb,0.013993
Chronos-2-Uni-ZS,720,cheap,hgb,0.0
Chronos-2-Uni-ZS,720,cheap,hgb,0.0
Chronos-2-Uni-ZS,720,cheap,hgb,0.0
Chronos-2-Uni-ZS,720,cheap,hgb,0.0
Chronos-2-Uni-ZS,720,cheap,hgb,0.0
Chronos-2-Uni-ZS,720,cheap,hgb,0.002727
Chronos-2-Uni-ZS,720,cheap,hgb,0.0
Chronos-2-Uni-ZS,720,cheap,hgb,0.0
Chronos-2-Uni-ZS,720,cheap,hgb,0.002727
Chronos-2-Uni-ZS,720,cheap,hgb,0.0
Chronos-2-Uni-ZS,720,cheap,hgb,0.0
Chronos-2-Uni-ZS,720,cheap,hgb,0.0
Chronos-2-Uni-ZS,720,cheap,hgb,0.0
Chronos-2-Uni-ZS,720,cheap,hgb,0.0
Chronos-2-Uni-ZS,720,cheap,hgb,0.0
Chronos-2-Uni-ZS,720,cheap,hgb,0.0
Chronos-2-Uni-ZS,720,cheap,hgb,0.0
Chronos-2-Uni-ZS,720,cheap,hgb,0.0
Chronos-2-Uni-ZS,720,cheap,hgb,0.0
Chronos-2-Uni-ZS,720,cheap,hgb,0.0
Chronos-2-Uni-ZS,720,cheap,hgb,0.0
Chronos-2-Uni-ZS,720,cheap,hgb,0.0
Chronos-2-Uni-ZS,720,cheap,hgb,0.0
Chronos-2-Uni-ZS,720,cheap,hgb,0.0
Chronos-2-Uni-ZS,720,cheap,hgb,0.0
Chronos-2-Uni-ZS,720,cheap,hgb,0.0
Chronos-2-Uni-ZS,720,cheap,hgb,0.007002
Chronos-2-Uni-ZS,720,cheap,hgb,0.0
Chronos-2-Uni-ZS,720,cheap,hgb,0.0
Chronos-2-Uni-ZS,720,cheap,hgb,0.0
Chronos-2-Uni-ZS,720,cheap,hgb,0.0
Chronos-2-Uni-ZS,720,cheap,hgb,0.0
Chronos-2-Uni-ZS,720,cheap,hgb,0.0
Chronos-2-Uni-ZS,720,cheap,hgb,0.0
Chronos-2-Uni-ZS,720,cheap,hgb,0.002727
Chronos-2-Uni-ZS,720,cheap,hgb,0.0
Chronos-2-Uni-ZS,720,cheap,hgb,0.0
Chronos-2-Uni-ZS,720,cheap,hgb,0.0
Chronos-2-Uni-ZS,720,cheap,hgb,0.0
Chronos-2-Uni-ZS,720,cheap,hgb,0.0
Chronos-2-Uni-ZS,720,cheap,hgb,0.0
Chronos-2-Uni-ZS,720,cheap,hgb,0.0
Chronos-2-Uni-ZS,720,cheap,hgb,0.0
Chronos-2-Uni-ZS,720,cheap,hgb,0.0
Chronos-2-Uni-ZS,720,cheap,hgb,0.0
Chronos-2-Uni-ZS,720,cheap,hgb,0.0
Chronos-2-Uni-ZS,720,cheap,hgb,0.0
Chronos-2-Uni-ZS,720,cheap,hgb,0.0
Chronos-2-Uni-ZS,720,cheap,hgb,0.0
Chronos-2-Uni-ZS,720,cheap,hgb,0.0
Chronos-2-Uni-ZS,720,cheap,hgb,0.0
Chronos-2-Uni-ZS,720,cheap,hgb,0.0
Chronos-2-Uni-ZS,720,cheap,hgb,0.0
Chronos-2-Uni-ZS,720,cheap,hgb,0.002727
Chronos-2-Uni-ZS,720,cheap,hgb,0.0
Chronos-2-Uni-ZS,720,cheap,hgb,0.0
Chronos-2-Uni-ZS,720,cheap,hgb,0.0
Chronos-2-Uni-ZS,720,cheap,hgb,0.0
Chronos-2-Uni-ZS,720,cheap,hgb,0.0
Chronos-2-Uni-ZS,720,cheap,hgb,0.0
Chronos-2-Uni-ZS,720,cheap,hgb,0.0
Chronos-2-Uni-ZS,720,enriched,hgb,0.0
Chronos-2-Uni-ZS,720,enriched,hgb,0.002727
Chronos-2-Uni-ZS,720,enriched,hgb,0.0
Chronos-2-Uni-ZS,720,enriched,hgb,0.0
Chronos-2-Uni-ZS,720,enriched,hgb,0.0
Chronos-2-Uni-ZS,720,enriched,hgb,0.013993
Chronos-2-Uni-ZS,720,enriched,hgb,0.0
Chronos-2-Uni-ZS,720,enriched,hgb,0.0
Chronos-2-Uni-ZS,720,enriched,hgb,0.0
Chronos-2-Uni-ZS,720,enriched,hgb,0.0
Chronos-2-Uni-ZS,720,enriched,hgb,0.0
Chronos-2-Uni-ZS,720,enriched,hgb,0.0
Chronos-2-Uni-ZS,720,enriched,hgb,0.0
Chronos-2-Uni-ZS,720,enriched,hgb,0.0
Chronos-2-Uni-ZS,720,enriched,hgb,0.0
Chronos-2-Uni-ZS,720,enriched,hgb,0.0
Chronos-2-Uni-ZS,720,enriched,hgb,0.011747
Chronos-2-Uni-ZS,720,enriched,hgb,0.002727
Chronos-2-Uni-ZS,720,enriched,hgb,0.0
Chronos-2-Uni-ZS,720,enriched,hgb,0.011747
Chronos-2-Uni-ZS,720,enriched,hgb,0.0
Chronos-2-Uni-ZS,720,enriched,hgb,0.0
Chronos-2-Uni-ZS,720,enriched,hgb,0.0
Chronos-2-Uni-ZS,720,enriched,hgb,0.0
Chronos-2-Uni-ZS,720,enriched,hgb,0.0
Chronos-2-Uni-ZS,720,enriched,hgb,0.011747
Chronos-2-Uni-ZS,720,enriched,hgb,0.0
Chronos-2-Uni-ZS,720,enriched,hgb,0.013993
Chronos-2-Uni-ZS,720,enriched,hgb,0.0
Chronos-2-Uni-ZS,720,enriched,hgb,0.0
Chronos-2-Uni-ZS,720,enriched,hgb,0.0
Chronos-2-Uni-ZS,720,enriched,hgb,0.0
Chronos-2-Uni-ZS,720,enriched,hgb,0.0
Chronos-2-Uni-ZS,720,enriched,hgb,0.096407
Chronos-2-Uni-ZS,720,enriched,hgb,0.002727
Chronos-2-Uni-ZS,720,enriched,hgb,0.0
Chronos-2-Uni-ZS,720,enriched,hgb,0.0
Chronos-2-Uni-ZS,720,enriched,hgb,0.0
Chronos-2-Uni-ZS,720,enriched,hgb,0.0
Chronos-2-Uni-ZS,720,enriched,hgb,0.011747
Chronos-2-Uni-ZS,720,enriched,hgb,0.0
Chronos-2-Uni-ZS,720,enriched,hgb,0.0
Chronos-2-Uni-ZS,720,enriched,hgb,0.0
Chronos-2-Uni-ZS,720,enriched,hgb,0.0
Chronos-2-Uni-ZS,720,enriched,hgb,0.0
Chronos-2-Uni-ZS,720,enriched,hgb,0.0
Chronos-2-Uni-ZS,720,enriched,hgb,0.019058
Chronos-2-Uni-ZS,720,enriched,hgb,0.0
Chronos-2-Uni-ZS,720,enriched,hgb,0.0
Chronos-2-Uni-ZS,720,enriched,hgb,0.007002
Chronos-2-Uni-ZS,720,enriched,hgb,0.0
Chronos-2-Uni-ZS,720,enriched,hgb,0.0
Chronos-2-Uni-ZS,720,enriched,hgb,0.0
Chronos-2-Uni-ZS,720,enriched,hgb,0.0
Chronos-2-Uni-ZS,720,enriched,hgb,0.0
Chronos-2-Uni-ZS,720,enriched,hgb,0.002727
Chronos-2-Uni-ZS,720,enriched,hgb,0.0
Chronos-2-Uni-ZS,720,enriched,hgb,0.0
Chronos-2-Uni-ZS,720,enriched,hgb,0.0
Chronos-2-Uni-ZS,720,enriched,hgb,0.0
Chronos-2-Uni-ZS,720,enriched,hgb,0.0
Chronos-2-Uni-ZS,720,enriched,hgb,0.0
Chronos-2-Uni-ZS,720,enriched,hgb,0.0
Chronos-2-Uni-ZS,720,enriched,hgb,0.0
Chronos-2-Uni-ZS,720,enriched,hgb,0.0
Chronos-2-Uni-ZS,720,enriched,hgb,0.0
Chronos-2-Uni-ZS,720,enriched,hgb,0.0
Chronos-2-Uni-ZS,720,enriched,hgb,0.0
Chronos-2-Uni-ZS,720,enriched,hgb,0.0
Chronos-2-Uni-ZS,720,enriched,hgb,0.0
Chronos-2-Uni-ZS,720,enriched,hgb,0.0
Chronos-2-Uni-ZS,720,enriched,hgb,0.0
Chronos-2-Uni-ZS,720,enriched,hgb,0.0
Chronos-2-Uni-ZS,720,enriched,hgb,0.0
Chronos-2-Uni-ZS,720,enriched,hgb,0.0
Chronos-2-Uni-ZS,720,enriched,hgb,0.0
Chronos-2-Uni-ZS,720,enriched,hgb,0.0
Chronos-2-Uni-ZS,720,enriched,hgb,0.0
Chronos-2-Uni-ZS,720,enriched,hgb,0.011747
Chronos-2-Uni-ZS,720,enriched,hgb,0.0
Chronos-2-Uni-ZS,720,enriched,hgb,0.013993
Chronos-2-Uni-ZS,720,enriched,hgb,0.0
Chronos-2-Uni-ZS,720,enriched,hgb,0.0
Chronos-2-Uni-ZS,720,enriched,hgb,0.0
Chronos-2-Uni-ZS,720,enriched,hgb,0.0
Chronos-2-Uni-ZS,720,enriched,hgb,0.0
Chronos-2-Uni-ZS,720,enriched,hgb,0.0
Chronos-2-Uni-ZS,720,enriched,hgb,0.0
Chronos-2-Uni-ZS,720,enriched,hgb,0.0
Chronos-2-Uni-ZS,720,enriched,hgb,0.0
Chronos-2-Uni-ZS,720,enriched,hgb,0.0
Chronos-2-Uni-ZS,720,enriched,hgb,0.0
Chronos-2-Uni-ZS,720,enriched,hgb,0.0
Chronos-2-Uni-ZS,720,enriched,hgb,0.0
Chronos-2-Uni-ZS,720,enriched,hgb,0.0
Chronos-2-Uni-ZS,720,enriched,hgb,0.0
Chronos-2-Uni-ZS,720,enriched,hgb,0.0
Chronos-2-Uni-ZS,720,enriched,hgb,0.011747
Chronos-2-Uni-ZS,720,enriched,hgb,0.0
TimesFM-2.5-Uni-ZS,1,country,hgb,0.0
TimesFM-2.5-Uni-ZS,1,country,hgb,0.0
TimesFM-2.5-Uni-ZS,1,country,hgb,0.0
TimesFM-2.5-Uni-ZS,1,country,hgb,0.0
TimesFM-2.5-Uni-ZS,1,country,hgb,0.0
TimesFM-2.5-Uni-ZS,1,country,hgb,0.0
TimesFM-2.5-Uni-ZS,1,country,hgb,0.0
TimesFM-2.5-Uni-ZS,1,country,hgb,0.0
TimesFM-2.5-Uni-ZS,1,country,hgb,0.0
TimesFM-2.5-Uni-ZS,1,country,hgb,0.0
TimesFM-2.5-Uni-ZS,1,country,hgb,0.0
TimesFM-2.5-Uni-ZS,1,country,hgb,0.0
TimesFM-2.5-Uni-ZS,1,country,hgb,0.0
TimesFM-2.5-Uni-ZS,1,country,hgb,0.0
TimesFM-2.5-Uni-ZS,1,country,hgb,0.0
TimesFM-2.5-Uni-ZS,1,country,hgb,0.0
TimesFM-2.5-Uni-ZS,1,country,hgb,0.0
TimesFM-2.5-Uni-ZS,1,country,hgb,0.0
TimesFM-2.5-Uni-ZS,1,country,hgb,0.0
TimesFM-2.5-Uni-ZS,1,country,hgb,0.0
TimesFM-2.5-Uni-ZS,1,country,hgb,0.0
TimesFM-2.5-Uni-ZS,1,country,hgb,0.0
TimesFM-2.5-Uni-ZS,1,country,hgb,0.0
TimesFM-2.5-Uni-ZS,1,country,hgb,0.0
TimesFM-2.5-Uni-ZS,1,country,hgb,0.0
TimesFM-2.5-Uni-ZS,1,country,hgb,0.0
TimesFM-2.5-Uni-ZS,1,country,hgb,0.0
TimesFM-2.5-Uni-ZS,1,country,hgb,0.0
TimesFM-2.5-Uni-ZS,1,country,hgb,0.0
TimesFM-2.5-Uni-ZS,1,country,hgb,0.0
TimesFM-2.5-Uni-ZS,1,country,hgb,0.0
TimesFM-2.5-Uni-ZS,1,country,hgb,0.0
TimesFM-2.5-Uni-ZS,1,country,hgb,0.0
TimesFM-2.5-Uni-ZS,1,country,hgb,0.0
TimesFM-2.5-Uni-ZS,1,country,hgb,0.0
TimesFM-2.5-Uni-ZS,1,country,hgb,0.0
TimesFM-2.5-Uni-ZS,1,country,hgb,0.0
TimesFM-2.5-Uni-ZS,1,country,hgb,0.0
TimesFM-2.5-Uni-ZS,1,country,hgb,0.0
TimesFM-2.5-Uni-ZS,1,country,hgb,0.0
TimesFM-2.5-Uni-ZS,1,country,hgb,0.0
TimesFM-2.5-Uni-ZS,1,country,hgb,0.0
TimesFM-2.5-Uni-ZS,1,country,hgb,0.0
TimesFM-2.5-Uni-ZS,1,country,hgb,0.0
TimesFM-2.5-Uni-ZS,1,country,hgb,0.0
TimesFM-2.5-Uni-ZS,1,country,hgb,0.0
TimesFM-2.5-Uni-ZS,1,country,hgb,0.0
TimesFM-2.5-Uni-ZS,1,country,hgb,0.0
TimesFM-2.5-Uni-ZS,1,country,hgb,0.0
TimesFM-2.5-Uni-ZS,1,country,hgb,0.0
TimesFM-2.5-Uni-ZS,1,country,hgb,0.0
TimesFM-2.5-Uni-ZS,1,country,hgb,0.0
TimesFM-2.5-Uni-ZS,1,country,hgb,0.0
TimesFM-2.5-Uni-ZS,1,country,hgb,0.0
TimesFM-2.5-Uni-ZS,1,country,hgb,0.0
TimesFM-2.5-Uni-ZS,1,country,hgb,0.0
TimesFM-2.5-Uni-ZS,1,country,hgb,0.0
TimesFM-2.5-Uni-ZS,1,country,hgb,0.0
TimesFM-2.5-Uni-ZS,1,country,hgb,0.0
TimesFM-2.5-Uni-ZS,1,country,hgb,0.0
TimesFM-2.5-Uni-ZS,1,country,hgb,0.0
TimesFM-2.5-Uni-ZS,1,country,hgb,0.0
TimesFM-2.5-Uni-ZS,1,country,hgb,0.0
TimesFM-2.5-Uni-ZS,1,country,hgb,0.0
TimesFM-2.5-Uni-ZS,1,country,hgb,0.0
TimesFM-2.5-Uni-ZS,1,country,hgb,0.0
TimesFM-2.5-Uni-ZS,1,country,hgb,0.0
TimesFM-2.5-Uni-ZS,1,country,hgb,0.0
TimesFM-2.5-Uni-ZS,1,country,hgb,0.0
TimesFM-2.5-Uni-ZS,1,country,hgb,0.0
TimesFM-2.5-Uni-ZS,1,country,hgb,0.0
TimesFM-2.5-Uni-ZS,1,country,hgb,0.0
TimesFM-2.5-Uni-ZS,1,country,hgb,0.0
TimesFM-2.5-Uni-ZS,1,country,hgb,0.0
TimesFM-2.5-Uni-ZS,1,country,hgb,0.0
TimesFM-2.5-Uni-ZS,1,country,hgb,0.0
TimesFM-2.5-Uni-ZS,1,country,hgb,0.0
TimesFM-2.5-Uni-ZS,1,country,hgb,0.0
TimesFM-2.5-Uni-ZS,1,country,hgb,0.0
TimesFM-2.5-Uni-ZS,1,country,hgb,0.0
TimesFM-2.5-Uni-ZS,1,country,hgb,0.0
TimesFM-2.5-Uni-ZS,1,country,hgb,0.0
TimesFM-2.5-Uni-ZS,1,country,hgb,0.0
TimesFM-2.5-Uni-ZS,1,country,hgb,0.0
TimesFM-2.5-Uni-ZS,1,country,hgb,0.0
TimesFM-2.5-Uni-ZS,1,country,hgb,0.0
TimesFM-2.5-Uni-ZS,1,country,hgb,0.0
TimesFM-2.5-Uni-ZS,1,country,hgb,0.0
TimesFM-2.5-Uni-ZS,1,country,hgb,0.0
TimesFM-2.5-Uni-ZS,1,country,hgb,0.0
TimesFM-2.5-Uni-ZS,1,country,hgb,0.0
TimesFM-2.5-Uni-ZS,1,country,hgb,0.0
TimesFM-2.5-Uni-ZS,1,country,hgb,0.0
TimesFM-2.5-Uni-ZS,1,country,hgb,0.0
TimesFM-2.5-Uni-ZS,1,country,hgb,0.0
TimesFM-2.5-Uni-ZS,1,country,hgb,0.0
TimesFM-2.5-Uni-ZS,1,country,hgb,0.0
TimesFM-2.5-Uni-ZS,1,country,hgb,0.0
TimesFM-2.5-Uni-ZS,1,country,hgb,0.0
TimesFM-2.5-Uni-ZS,1,cheap,hgb,0.000619
TimesFM-2.5-Uni-ZS,1,cheap,hgb,0.0
TimesFM-2.5-Uni-ZS,1,cheap,hgb,0.0
TimesFM-2.5-Uni-ZS,1,cheap,hgb,0.0
TimesFM-2.5-Uni-ZS,1,cheap,hgb,0.0
TimesFM-2.5-Uni-ZS,1,cheap,hgb,0.0
TimesFM-2.5-Uni-ZS,1,cheap,hgb,0.0
TimesFM-2.5-Uni-ZS,1,cheap,hgb,0.0
TimesFM-2.5-Uni-ZS,1,cheap,hgb,0.003045
TimesFM-2.5-Uni-ZS,1,cheap,hgb,0.0
TimesFM-2.5-Uni-ZS,1,cheap,hgb,0.0
TimesFM-2.5-Uni-ZS,1,cheap,hgb,0.003045
TimesFM-2.5-Uni-ZS,1,cheap,hgb,0.0
TimesFM-2.5-Uni-ZS,1,cheap,hgb,0.0
TimesFM-2.5-Uni-ZS,1,cheap,hgb,0.0
TimesFM-2.5-Uni-ZS,1,cheap,hgb,0.0
TimesFM-2.5-Uni-ZS,1,cheap,hgb,0.0
TimesFM-2.5-Uni-ZS,1,cheap,hgb,0.0
TimesFM-2.5-Uni-ZS,1,cheap,hgb,0.0
TimesFM-2.5-Uni-ZS,1,cheap,hgb,0.0
TimesFM-2.5-Uni-ZS,1,cheap,hgb,0.0
TimesFM-2.5-Uni-ZS,1,cheap,hgb,0.0
TimesFM-2.5-Uni-ZS,1,cheap,hgb,0.0
TimesFM-2.5-Uni-ZS,1,cheap,hgb,0.0
TimesFM-2.5-Uni-ZS,1,cheap,hgb,0.0
TimesFM-2.5-Uni-ZS,1,cheap,hgb,0.0
TimesFM-2.5-Uni-ZS,1,cheap,hgb,0.0
TimesFM-2.5-Uni-ZS,1,cheap,hgb,0.0
TimesFM-2.5-Uni-ZS,1,cheap,hgb,0.0
TimesFM-2.5-Uni-ZS,1,cheap,hgb,0.0
TimesFM-2.5-Uni-ZS,1,cheap,hgb,0.0
TimesFM-2.5-Uni-ZS,1,cheap,hgb,0.0
TimesFM-2.5-Uni-ZS,1,cheap,hgb,0.0
TimesFM-2.5-Uni-ZS,1,cheap,hgb,0.0
TimesFM-2.5-Uni-ZS,1,cheap,hgb,0.000619
TimesFM-2.5-Uni-ZS,1,cheap,hgb,0.0
TimesFM-2.5-Uni-ZS,1,cheap,hgb,0.0
TimesFM-2.5-Uni-ZS,1,cheap,hgb,0.0
TimesFM-2.5-Uni-ZS,1,cheap,hgb,0.0
TimesFM-2.5-Uni-ZS,1,cheap,hgb,0.0
TimesFM-2.5-Uni-ZS,1,cheap,hgb,0.0
TimesFM-2.5-Uni-ZS,1,cheap,hgb,0.003433
TimesFM-2.5-Uni-ZS,1,cheap,hgb,0.0
TimesFM-2.5-Uni-ZS,1,cheap,hgb,0.000619
TimesFM-2.5-Uni-ZS,1,cheap,hgb,0.0
TimesFM-2.5-Uni-ZS,1,cheap,hgb,0.0
TimesFM-2.5-Uni-ZS,1,cheap,hgb,0.0
TimesFM-2.5-Uni-ZS,1,cheap,hgb,0.0
TimesFM-2.5-Uni-ZS,1,cheap,hgb,0.0
TimesFM-2.5-Uni-ZS,1,cheap,hgb,0.0
TimesFM-2.5-Uni-ZS,1,cheap,hgb,0.0
TimesFM-2.5-Uni-ZS,1,cheap,hgb,0.0
TimesFM-2.5-Uni-ZS,1,cheap,hgb,0.0
TimesFM-2.5-Uni-ZS,1,cheap,hgb,0.0
TimesFM-2.5-Uni-ZS,1,cheap,hgb,0.0
TimesFM-2.5-Uni-ZS,1,cheap,hgb,0.0
TimesFM-2.5-Uni-ZS,1,cheap,hgb,0.0
TimesFM-2.5-Uni-ZS,1,cheap,hgb,0.0
TimesFM-2.5-Uni-ZS,1,cheap,hgb,0.0
TimesFM-2.5-Uni-ZS,1,cheap,hgb,0.000619
TimesFM-2.5-Uni-ZS,1,cheap,hgb,0.0
TimesFM-2.5-Uni-ZS,1,cheap,hgb,0.0
TimesFM-2.5-Uni-ZS,1,cheap,hgb,0.0
TimesFM-2.5-Uni-ZS,1,cheap,hgb,0.0
TimesFM-2.5-Uni-ZS,1,cheap,hgb,0.0
TimesFM-2.5-Uni-ZS,1,cheap,hgb,0.0
TimesFM-2.5-Uni-ZS,1,cheap,hgb,0.0
TimesFM-2.5-Uni-ZS,1,cheap,hgb,0.0
TimesFM-2.5-Uni-ZS,1,cheap,hgb,0.000619
TimesFM-2.5-Uni-ZS,1,cheap,hgb,0.0
TimesFM-2.5-Uni-ZS,1,cheap,hgb,0.0
TimesFM-2.5-Uni-ZS,1,cheap,hgb,0.0
TimesFM-2.5-Uni-ZS,1,cheap,hgb,0.0
TimesFM-2.5-Uni-ZS,1,cheap,hgb,0.0
TimesFM-2.5-Uni-ZS,1,cheap,hgb,0.003045
TimesFM-2.5-Uni-ZS,1,cheap,hgb,0.0
TimesFM-2.5-Uni-ZS,1,cheap,hgb,0.0
TimesFM-2.5-Uni-ZS,1,cheap,hgb,0.0
TimesFM-2.5-Uni-ZS,1,cheap,hgb,0.0
TimesFM-2.5-Uni-ZS,1,cheap,hgb,0.003433
TimesFM-2.5-Uni-ZS,1,cheap,hgb,0.0
TimesFM-2.5-Uni-ZS,1,cheap,hgb,0.0
TimesFM-2.5-Uni-ZS,1,cheap,hgb,0.0
TimesFM-2.5-Uni-ZS,1,cheap,hgb,0.0
TimesFM-2.5-Uni-ZS,1,cheap,hgb,0.0
TimesFM-2.5-Uni-ZS,1,cheap,hgb,0.0
TimesFM-2.5-Uni-ZS,1,cheap,hgb,0.0
TimesFM-2.5-Uni-ZS,1,cheap,hgb,0.0
TimesFM-2.5-Uni-ZS,1,cheap,hgb,0.000619
TimesFM-2.5-Uni-ZS,1,cheap,hgb,0.0
TimesFM-2.5-Uni-ZS,1,cheap,hgb,0.0
TimesFM-2.5-Uni-ZS,1,cheap,hgb,0.000619
TimesFM-2.5-Uni-ZS,1,cheap,hgb,0.0
TimesFM-2.5-Uni-ZS,1,cheap,hgb,0.0
TimesFM-2.5-Uni-ZS,1,cheap,hgb,0.0
TimesFM-2.5-Uni-ZS,1,cheap,hgb,0.0
TimesFM-2.5-Uni-ZS,1,cheap,hgb,0.0
TimesFM-2.5-Uni-ZS,1,cheap,hgb,0.0
TimesFM-2.5-Uni-ZS,1,cheap,hgb,0.0
TimesFM-2.5-Uni-ZS,1,enriched,hgb,0.0
TimesFM-2.5-Uni-ZS,1,enriched,hgb,0.0
TimesFM-2.5-Uni-ZS,1,enriched,hgb,0.0
TimesFM-2.5-Uni-ZS,1,enriched,hgb,0.0
TimesFM-2.5-Uni-ZS,1,enriched,hgb,0.0
TimesFM-2.5-Uni-ZS,1,enriched,hgb,0.0
TimesFM-2.5-Uni-ZS,1,enriched,hgb,0.0
TimesFM-2.5-Uni-ZS,1,enriched,hgb,0.0
TimesFM-2.5-Uni-ZS,1,enriched,hgb,0.0
TimesFM-2.5-Uni-ZS,1,enriched,hgb,0.000619
TimesFM-2.5-Uni-ZS,1,enriched,hgb,0.0
TimesFM-2.5-Uni-ZS,1,enriched,hgb,0.0
TimesFM-2.5-Uni-ZS,1,enriched,hgb,0.000619
TimesFM-2.5-Uni-ZS,1,enriched,hgb,0.0
TimesFM-2.5-Uni-ZS,1,enriched,hgb,0.0
TimesFM-2.5-Uni-ZS,1,enriched,hgb,0.0
TimesFM-2.5-Uni-ZS,1,enriched,hgb,0.003045
TimesFM-2.5-Uni-ZS,1,enriched,hgb,0.0
TimesFM-2.5-Uni-ZS,1,enriched,hgb,0.000619
TimesFM-2.5-Uni-ZS,1,enriched,hgb,0.0
TimesFM-2.5-Uni-ZS,1,enriched,hgb,0.0
TimesFM-2.5-Uni-ZS,1,enriched,hgb,0.003045
TimesFM-2.5-Uni-ZS,1,enriched,hgb,0.0
TimesFM-2.5-Uni-ZS,1,enriched,hgb,0.003045
TimesFM-2.5-Uni-ZS,1,enriched,hgb,0.0
TimesFM-2.5-Uni-ZS,1,enriched,hgb,0.0
TimesFM-2.5-Uni-ZS,1,enriched,hgb,0.0
TimesFM-2.5-Uni-ZS,1,enriched,hgb,0.0
TimesFM-2.5-Uni-ZS,1,enriched,hgb,0.0
TimesFM-2.5-Uni-ZS,1,enriched,hgb,0.003433
TimesFM-2.5-Uni-ZS,1,enriched,hgb,0.0
TimesFM-2.5-Uni-ZS,1,enriched,hgb,0.004537
TimesFM-2.5-Uni-ZS,1,enriched,hgb,0.0
TimesFM-2.5-Uni-ZS,1,enriched,hgb,0.0
TimesFM-2.5-Uni-ZS,1,enriched,hgb,0.0
TimesFM-2.5-Uni-ZS,1,enriched,hgb,0.0
TimesFM-2.5-Uni-ZS,1,enriched,hgb,0.0
TimesFM-2.5-Uni-ZS,1,enriched,hgb,0.0
TimesFM-2.5-Uni-ZS,1,enriched,hgb,0.0
TimesFM-2.5-Uni-ZS,1,enriched,hgb,0.0
TimesFM-2.5-Uni-ZS,1,enriched,hgb,0.0
TimesFM-2.5-Uni-ZS,1,enriched,hgb,0.0
TimesFM-2.5-Uni-ZS,1,enriched,hgb,0.0
TimesFM-2.5-Uni-ZS,1,enriched,hgb,0.006418
TimesFM-2.5-Uni-ZS,1,enriched,hgb,0.0
TimesFM-2.5-Uni-ZS,1,enriched,hgb,0.0
TimesFM-2.5-Uni-ZS,1,enriched,hgb,0.0
TimesFM-2.5-Uni-ZS,1,enriched,hgb,0.0
TimesFM-2.5-Uni-ZS,1,enriched,hgb,0.0
TimesFM-2.5-Uni-ZS,1,enriched,hgb,0.0
TimesFM-2.5-Uni-ZS,1,enriched,hgb,0.0
TimesFM-2.5-Uni-ZS,1,enriched,hgb,0.0
TimesFM-2.5-Uni-ZS,1,enriched,hgb,0.0
TimesFM-2.5-Uni-ZS,1,enriched,hgb,0.0
TimesFM-2.5-Uni-ZS,1,enriched,hgb,0.0
TimesFM-2.5-Uni-ZS,1,enriched,hgb,0.0
TimesFM-2.5-Uni-ZS,1,enriched,hgb,0.000619
TimesFM-2.5-Uni-ZS,1,enriched,hgb,0.0
TimesFM-2.5-Uni-ZS,1,enriched,hgb,0.0
TimesFM-2.5-Uni-ZS,1,enriched,hgb,0.0
TimesFM-2.5-Uni-ZS,1,enriched,hgb,0.0
TimesFM-2.5-Uni-ZS,1,enriched,hgb,0.000619
TimesFM-2.5-Uni-ZS,1,enriched,hgb,0.0
TimesFM-2.5-Uni-ZS,1,enriched,hgb,0.0
TimesFM-2.5-Uni-ZS,1,enriched,hgb,0.0
TimesFM-2.5-Uni-ZS,1,enriched,hgb,0.0
TimesFM-2.5-Uni-ZS,1,enriched,hgb,0.003124
TimesFM-2.5-Uni-ZS,1,enriched,hgb,0.0
TimesFM-2.5-Uni-ZS,1,enriched,hgb,0.0
TimesFM-2.5-Uni-ZS,1,enriched,hgb,0.0
TimesFM-2.5-Uni-ZS,1,enriched,hgb,0.0
TimesFM-2.5-Uni-ZS,1,enriched,hgb,0.003045
TimesFM-2.5-Uni-ZS,1,enriched,hgb,0.0
TimesFM-2.5-Uni-ZS,1,enriched,hgb,0.0
TimesFM-2.5-Uni-ZS,1,enriched,hgb,0.0
TimesFM-2.5-Uni-ZS,1,enriched,hgb,0.0
TimesFM-2.5-Uni-ZS,1,enriched,hgb,0.0
TimesFM-2.5-Uni-ZS,1,enriched,hgb,0.0
TimesFM-2.5-Uni-ZS,1,enriched,hgb,0.0
TimesFM-2.5-Uni-ZS,1,enriched,hgb,0.0
TimesFM-2.5-Uni-ZS,1,enriched,hgb,0.0
TimesFM-2.5-Uni-ZS,1,enriched,hgb,0.003433
TimesFM-2.5-Uni-ZS,1,enriched,hgb,0.0
TimesFM-2.5-Uni-ZS,1,enriched,hgb,0.0
TimesFM-2.5-Uni-ZS,1,enriched,hgb,0.0
TimesFM-2.5-Uni-ZS,1,enriched,hgb,0.0
TimesFM-2.5-Uni-ZS,1,enriched,hgb,0.000619
TimesFM-2.5-Uni-ZS,1,enriched,hgb,0.0
TimesFM-2.5-Uni-ZS,1,enriched,hgb,0.0
TimesFM-2.5-Uni-ZS,1,enriched,hgb,0.0
TimesFM-2.5-Uni-ZS,1,enriched,hgb,0.0
TimesFM-2.5-Uni-ZS,1,enriched,hgb,0.0
TimesFM-2.5-Uni-ZS,1,enriched,hgb,0.0
TimesFM-2.5-Uni-ZS,1,enriched,hgb,0.0
TimesFM-2.5-Uni-ZS,1,enriched,hgb,0.0
TimesFM-2.5-Uni-ZS,1,enriched,hgb,0.0
TimesFM-2.5-Uni-ZS,1,enriched,hgb,0.0
TimesFM-2.5-Uni-ZS,1,enriched,hgb,0.0
TimesFM-2.5-Uni-ZS,1,enriched,hgb,0.0
TimesFM-2.5-Uni-ZS,24,country,hgb,0.086693
TimesFM-2.5-Uni-ZS,24,country,hgb,0.107484
TimesFM-2.5-Uni-ZS,24,country,hgb,0.087319
TimesFM-2.5-Uni-ZS,24,country,hgb,0.107484
TimesFM-2.5-Uni-ZS,24,country,hgb,0.107484
TimesFM-2.5-Uni-ZS,24,country,hgb,0.107484
TimesFM-2.5-Uni-ZS,24,country,hgb,0.107484
TimesFM-2.5-Uni-ZS,24,country,hgb,0.107484
TimesFM-2.5-Uni-ZS,24,country,hgb,0.107484
TimesFM-2.5-Uni-ZS,24,country,hgb,0.107484
TimesFM-2.5-Uni-ZS,24,country,hgb,0.107484
TimesFM-2.5-Uni-ZS,24,country,hgb,0.11596
TimesFM-2.5-Uni-ZS,24,country,hgb,0.086693
TimesFM-2.5-Uni-ZS,24,country,hgb,0.107484
TimesFM-2.5-Uni-ZS,24,country,hgb,0.086693
TimesFM-2.5-Uni-ZS,24,country,hgb,0.087319
TimesFM-2.5-Uni-ZS,24,country,hgb,0.107484
TimesFM-2.5-Uni-ZS,24,country,hgb,0.107484
TimesFM-2.5-Uni-ZS,24,country,hgb,0.086693
TimesFM-2.5-Uni-ZS,24,country,hgb,0.086693
TimesFM-2.5-Uni-ZS,24,country,hgb,0.044551
TimesFM-2.5-Uni-ZS,24,country,hgb,0.11596
TimesFM-2.5-Uni-ZS,24,country,hgb,0.107484
TimesFM-2.5-Uni-ZS,24,country,hgb,0.11596
TimesFM-2.5-Uni-ZS,24,country,hgb,0.107484
TimesFM-2.5-Uni-ZS,24,country,hgb,0.11596
TimesFM-2.5-Uni-ZS,24,country,hgb,0.107484
TimesFM-2.5-Uni-ZS,24,country,hgb,0.086693
TimesFM-2.5-Uni-ZS,24,country,hgb,0.091733
TimesFM-2.5-Uni-ZS,24,country,hgb,0.107484
TimesFM-2.5-Uni-ZS,24,country,hgb,0.101034
TimesFM-2.5-Uni-ZS,24,country,hgb,0.086693
TimesFM-2.5-Uni-ZS,24,country,hgb,0.11596
TimesFM-2.5-Uni-ZS,24,country,hgb,0.107484
TimesFM-2.5-Uni-ZS,24,country,hgb,0.106418
TimesFM-2.5-Uni-ZS,24,country,hgb,0.086693
TimesFM-2.5-Uni-ZS,24,country,hgb,0.11596
TimesFM-2.5-Uni-ZS,24,country,hgb,0.107484
TimesFM-2.5-Uni-ZS,24,country,hgb,0.086693
TimesFM-2.5-Uni-ZS,24,country,hgb,0.09387
TimesFM-2.5-Uni-ZS,24,country,hgb,0.086693
TimesFM-2.5-Uni-ZS,24,country,hgb,0.086693
TimesFM-2.5-Uni-ZS,24,country,hgb,0.107484
TimesFM-2.5-Uni-ZS,24,country,hgb,0.088592
TimesFM-2.5-Uni-ZS,24,country,hgb,0.107484
TimesFM-2.5-Uni-ZS,24,country,hgb,0.107484
TimesFM-2.5-Uni-ZS,24,country,hgb,0.086693
TimesFM-2.5-Uni-ZS,24,country,hgb,0.107484
TimesFM-2.5-Uni-ZS,24,country,hgb,0.11596
TimesFM-2.5-Uni-ZS,24,country,hgb,0.107484
TimesFM-2.5-Uni-ZS,24,country,hgb,0.107484
TimesFM-2.5-Uni-ZS,24,country,hgb,0.107484
TimesFM-2.5-Uni-ZS,24,country,hgb,0.107484
TimesFM-2.5-Uni-ZS,24,country,hgb,0.086693
TimesFM-2.5-Uni-ZS,24,country,hgb,0.107484
TimesFM-2.5-Uni-ZS,24,country,hgb,0.107484
TimesFM-2.5-Uni-ZS,24,country,hgb,0.090397
TimesFM-2.5-Uni-ZS,24,country,hgb,0.107484
TimesFM-2.5-Uni-ZS,24,country,hgb,0.090397
TimesFM-2.5-Uni-ZS,24,country,hgb,0.107484
TimesFM-2.5-Uni-ZS,24,country,hgb,0.11596
TimesFM-2.5-Uni-ZS,24,country,hgb,0.107484
TimesFM-2.5-Uni-ZS,24,country,hgb,0.107484
TimesFM-2.5-Uni-ZS,24,country,hgb,0.086693
TimesFM-2.5-Uni-ZS,24,country,hgb,0.107484
TimesFM-2.5-Uni-ZS,24,country,hgb,0.086693
TimesFM-2.5-Uni-ZS,24,country,hgb,0.086693
TimesFM-2.5-Uni-ZS,24,country,hgb,0.107484
TimesFM-2.5-Uni-ZS,24,country,hgb,0.086693
TimesFM-2.5-Uni-ZS,24,country,hgb,0.086693
TimesFM-2.5-Uni-ZS,24,country,hgb,0.107484
TimesFM-2.5-Uni-ZS,24,country,hgb,0.107484
TimesFM-2.5-Uni-ZS,24,country,hgb,0.107484
TimesFM-2.5-Uni-ZS,24,country,hgb,0.107093
TimesFM-2.5-Uni-ZS,24,country,hgb,0.086693
TimesFM-2.5-Uni-ZS,24,country,hgb,0.107484
TimesFM-2.5-Uni-ZS,24,country,hgb,0.087319
TimesFM-2.5-Uni-ZS,24,country,hgb,0.107484
TimesFM-2.5-Uni-ZS,24,country,hgb,0.086693
TimesFM-2.5-Uni-ZS,24,country,hgb,0.090656
TimesFM-2.5-Uni-ZS,24,country,hgb,0.11596
TimesFM-2.5-Uni-ZS,24,country,hgb,0.086693
TimesFM-2.5-Uni-ZS,24,country,hgb,0.086693
TimesFM-2.5-Uni-ZS,24,country,hgb,0.107484
TimesFM-2.5-Uni-ZS,24,country,hgb,0.11596
TimesFM-2.5-Uni-ZS,24,country,hgb,0.107484
TimesFM-2.5-Uni-ZS,24,country,hgb,0.11596
TimesFM-2.5-Uni-ZS,24,country,hgb,0.090397
TimesFM-2.5-Uni-ZS,24,country,hgb,0.107484
TimesFM-2.5-Uni-ZS,24,country,hgb,0.086693
TimesFM-2.5-Uni-ZS,24,country,hgb,0.107484
TimesFM-2.5-Uni-ZS,24,country,hgb,0.107484
TimesFM-2.5-Uni-ZS,24,country,hgb,0.086693
TimesFM-2.5-Uni-ZS,24,country,hgb,0.107484
TimesFM-2.5-Uni-ZS,24,country,hgb,0.107484
TimesFM-2.5-Uni-ZS,24,country,hgb,0.107484
TimesFM-2.5-Uni-ZS,24,country,hgb,0.107484
TimesFM-2.5-Uni-ZS,24,country,hgb,0.107484
TimesFM-2.5-Uni-ZS,24,country,hgb,0.095727
TimesFM-2.5-Uni-ZS,24,cheap,hgb,0.005967
TimesFM-2.5-Uni-ZS,24,cheap,hgb,0.004905
TimesFM-2.5-Uni-ZS,24,cheap,hgb,0.00962
TimesFM-2.5-Uni-ZS,24,cheap,hgb,0.047705
TimesFM-2.5-Uni-ZS,24,cheap,hgb,0.065973
TimesFM-2.5-Uni-ZS,24,cheap,hgb,0.088592
TimesFM-2.5-Uni-ZS,24,cheap,hgb,0.050621
TimesFM-2.5-Uni-ZS,24,cheap,hgb,0.062718
TimesFM-2.5-Uni-ZS,24,cheap,hgb,0.025749
TimesFM-2.5-Uni-ZS,24,cheap,hgb,0.020465
TimesFM-2.5-Uni-ZS,24,cheap,hgb,0.065973
TimesFM-2.5-Uni-ZS,24,cheap,hgb,0.102925
TimesFM-2.5-Uni-ZS,24,cheap,hgb,0.020638
TimesFM-2.5-Uni-ZS,24,cheap,hgb,0.020465
TimesFM-2.5-Uni-ZS,24,cheap,hgb,0.020465
TimesFM-2.5-Uni-ZS,24,cheap,hgb,0.099896
TimesFM-2.5-Uni-ZS,24,cheap,hgb,0.007061
TimesFM-2.5-Uni-ZS,24,cheap,hgb,0.059568
TimesFM-2.5-Uni-ZS,24,cheap,hgb,0.020465
TimesFM-2.5-Uni-ZS,24,cheap,hgb,0.007061
TimesFM-2.5-Uni-ZS,24,cheap,hgb,0.056802
TimesFM-2.5-Uni-ZS,24,cheap,hgb,0.041385
TimesFM-2.5-Uni-ZS,24,cheap,hgb,0.039124
TimesFM-2.5-Uni-ZS,24,cheap,hgb,0.072829
TimesFM-2.5-Uni-ZS,24,cheap,hgb,0.055847
TimesFM-2.5-Uni-ZS,24,cheap,hgb,0.04132
TimesFM-2.5-Uni-ZS,24,cheap,hgb,0.0
TimesFM-2.5-Uni-ZS,24,cheap,hgb,0.038297
TimesFM-2.5-Uni-ZS,24,cheap,hgb,0.027685
TimesFM-2.5-Uni-ZS,24,cheap,hgb,0.030585
TimesFM-2.5-Uni-ZS,24,cheap,hgb,0.051091
TimesFM-2.5-Uni-ZS,24,cheap,hgb,0.030585
TimesFM-2.5-Uni-ZS,24,cheap,hgb,0.044551
TimesFM-2.5-Uni-ZS,24,cheap,hgb,0.108557
TimesFM-2.5-Uni-ZS,24,cheap,hgb,0.076187
TimesFM-2.5-Uni-ZS,24,cheap,hgb,0.037402
TimesFM-2.5-Uni-ZS,24,cheap,hgb,0.076187
TimesFM-2.5-Uni-ZS,24,cheap,hgb,0.011382
TimesFM-2.5-Uni-ZS,24,cheap,hgb,0.005967
TimesFM-2.5-Uni-ZS,24,cheap,hgb,0.020465
TimesFM-2.5-Uni-ZS,24,cheap,hgb,0.056802
TimesFM-2.5-Uni-ZS,24,cheap,hgb,0.007061
TimesFM-2.5-Uni-ZS,24,cheap,hgb,0.051519
TimesFM-2.5-Uni-ZS,24,cheap,hgb,0.005967
TimesFM-2.5-Uni-ZS,24,cheap,hgb,0.025749
TimesFM-2.5-Uni-ZS,24,cheap,hgb,0.016225
TimesFM-2.5-Uni-ZS,24,cheap,hgb,0.011382
TimesFM-2.5-Uni-ZS,24,cheap,hgb,0.030457
TimesFM-2.5-Uni-ZS,24,cheap,hgb,0.038297
TimesFM-2.5-Uni-ZS,24,cheap,hgb,0.015112
TimesFM-2.5-Uni-ZS,24,cheap,hgb,0.037713
TimesFM-2.5-Uni-ZS,24,cheap,hgb,0.072829
TimesFM-2.5-Uni-ZS,24,cheap,hgb,0.04267
TimesFM-2.5-Uni-ZS,24,cheap,hgb,0.021322
TimesFM-2.5-Uni-ZS,24,cheap,hgb,0.095727
TimesFM-2.5-Uni-ZS,24,cheap,hgb,0.005967
TimesFM-2.5-Uni-ZS,24,cheap,hgb,0.048009
TimesFM-2.5-Uni-ZS,24,cheap,hgb,0.00962
TimesFM-2.5-Uni-ZS,24,cheap,hgb,0.016225
TimesFM-2.5-Uni-ZS,24,cheap,hgb,0.015112
TimesFM-2.5-Uni-ZS,24,cheap,hgb,0.030585
TimesFM-2.5-Uni-ZS,24,cheap,hgb,0.093665
TimesFM-2.5-Uni-ZS,24,cheap,hgb,0.057165
TimesFM-2.5-Uni-ZS,24,cheap,hgb,0.020638
TimesFM-2.5-Uni-ZS,24,cheap,hgb,0.069857
TimesFM-2.5-Uni-ZS,24,cheap,hgb,0.021149
TimesFM-2.5-Uni-ZS,24,cheap,hgb,0.04132
TimesFM-2.5-Uni-ZS,24,cheap,hgb,0.021041
TimesFM-2.5-Uni-ZS,24,cheap,hgb,0.094873
TimesFM-2.5-Uni-ZS,24,cheap,hgb,0.041385
TimesFM-2.5-Uni-ZS,24,cheap,hgb,0.086685
TimesFM-2.5-Uni-ZS,24,cheap,hgb,0.041385
TimesFM-2.5-Uni-ZS,24,cheap,hgb,0.021149
TimesFM-2.5-Uni-ZS,24,cheap,hgb,0.04132
TimesFM-2.5-Uni-ZS,24,cheap,hgb,0.04132
TimesFM-2.5-Uni-ZS,24,cheap,hgb,0.052233
TimesFM-2.5-Uni-ZS,24,cheap,hgb,0.037713
TimesFM-2.5-Uni-ZS,24,cheap,hgb,0.042468
TimesFM-2.5-Uni-ZS,24,cheap,hgb,0.015529
TimesFM-2.5-Uni-ZS,24,cheap,hgb,0.027685
TimesFM-2.5-Uni-ZS,24,cheap,hgb,0.08203
TimesFM-2.5-Uni-ZS,24,cheap,hgb,0.069857
TimesFM-2.5-Uni-ZS,24,cheap,hgb,0.0
TimesFM-2.5-Uni-ZS,24,cheap,hgb,0.005967
TimesFM-2.5-Uni-ZS,24,cheap,hgb,0.095727
TimesFM-2.5-Uni-ZS,24,cheap,hgb,0.000794
TimesFM-2.5-Uni-ZS,24,cheap,hgb,0.005967
TimesFM-2.5-Uni-ZS,24,cheap,hgb,0.030161
TimesFM-2.5-Uni-ZS,24,cheap,hgb,0.000794
TimesFM-2.5-Uni-ZS,24,cheap,hgb,0.025749
TimesFM-2.5-Uni-ZS,24,cheap,hgb,0.030585
TimesFM-2.5-Uni-ZS,24,cheap,hgb,0.0
TimesFM-2.5-Uni-ZS,24,cheap,hgb,0.032125
TimesFM-2.5-Uni-ZS,24,cheap,hgb,0.020465
TimesFM-2.5-Uni-ZS,24,cheap,hgb,0.030585
TimesFM-2.5-Uni-ZS,24,cheap,hgb,0.007061
TimesFM-2.5-Uni-ZS,24,cheap,hgb,0.020465
TimesFM-2.5-Uni-ZS,24,cheap,hgb,0.057165
TimesFM-2.5-Uni-ZS,24,cheap,hgb,0.030585
TimesFM-2.5-Uni-ZS,24,enriched,hgb,0.007061
TimesFM-2.5-Uni-ZS,24,enriched,hgb,0.007061
TimesFM-2.5-Uni-ZS,24,enriched,hgb,0.04132
TimesFM-2.5-Uni-ZS,24,enriched,hgb,0.079687
TimesFM-2.5-Uni-ZS,24,enriched,hgb,0.037015
TimesFM-2.5-Uni-ZS,24,enriched,hgb,0.107484
TimesFM-2.5-Uni-ZS,24,enriched,hgb,0.027685
TimesFM-2.5-Uni-ZS,24,enriched,hgb,0.030161
TimesFM-2.5-Uni-ZS,24,enriched,hgb,0.007061
TimesFM-2.5-Uni-ZS,24,enriched,hgb,0.035513
TimesFM-2.5-Uni-ZS,24,enriched,hgb,0.086685
TimesFM-2.5-Uni-ZS,24,enriched,hgb,0.048009
TimesFM-2.5-Uni-ZS,24,enriched,hgb,0.030161
TimesFM-2.5-Uni-ZS,24,enriched,hgb,0.094873
TimesFM-2.5-Uni-ZS,24,enriched,hgb,0.091888
TimesFM-2.5-Uni-ZS,24,enriched,hgb,0.037015
TimesFM-2.5-Uni-ZS,24,enriched,hgb,0.071934
TimesFM-2.5-Uni-ZS,24,enriched,hgb,0.030161
TimesFM-2.5-Uni-ZS,24,enriched,hgb,0.030161
TimesFM-2.5-Uni-ZS,24,enriched,hgb,0.000794
TimesFM-2.5-Uni-ZS,24,enriched,hgb,0.045838
TimesFM-2.5-Uni-ZS,24,enriched,hgb,0.0
TimesFM-2.5-Uni-ZS,24,enriched,hgb,0.091888
TimesFM-2.5-Uni-ZS,24,enriched,hgb,0.051519
TimesFM-2.5-Uni-ZS,24,enriched,hgb,0.048009
TimesFM-2.5-Uni-ZS,24,enriched,hgb,0.064234
TimesFM-2.5-Uni-ZS,24,enriched,hgb,0.049605
TimesFM-2.5-Uni-ZS,24,enriched,hgb,0.020465
TimesFM-2.5-Uni-ZS,24,enriched,hgb,0.068585
TimesFM-2.5-Uni-ZS,24,enriched,hgb,0.108557
TimesFM-2.5-Uni-ZS,24,enriched,hgb,0.08769
TimesFM-2.5-Uni-ZS,24,enriched,hgb,0.047705
TimesFM-2.5-Uni-ZS,24,enriched,hgb,0.062718
TimesFM-2.5-Uni-ZS,24,enriched,hgb,0.030161
TimesFM-2.5-Uni-ZS,24,enriched,hgb,0.093665
TimesFM-2.5-Uni-ZS,24,enriched,hgb,0.065973
TimesFM-2.5-Uni-ZS,24,enriched,hgb,0.0
TimesFM-2.5-Uni-ZS,24,enriched,hgb,0.030585
TimesFM-2.5-Uni-ZS,24,enriched,hgb,0.068585
TimesFM-2.5-Uni-ZS,24,enriched,hgb,0.033699
TimesFM-2.5-Uni-ZS,24,enriched,hgb,0.005967
TimesFM-2.5-Uni-ZS,24,enriched,hgb,0.04132
TimesFM-2.5-Uni-ZS,24,enriched,hgb,0.020465
TimesFM-2.5-Uni-ZS,24,enriched,hgb,0.005967
TimesFM-2.5-Uni-ZS,24,enriched,hgb,0.020465
TimesFM-2.5-Uni-ZS,24,enriched,hgb,0.037015
TimesFM-2.5-Uni-ZS,24,enriched,hgb,0.056802
TimesFM-2.5-Uni-ZS,24,enriched,hgb,0.037402
TimesFM-2.5-Uni-ZS,24,enriched,hgb,0.051519
TimesFM-2.5-Uni-ZS,24,enriched,hgb,0.0
TimesFM-2.5-Uni-ZS,24,enriched,hgb,0.037402
TimesFM-2.5-Uni-ZS,24,enriched,hgb,0.030161
TimesFM-2.5-Uni-ZS,24,enriched,hgb,0.0
TimesFM-2.5-Uni-ZS,24,enriched,hgb,0.0
TimesFM-2.5-Uni-ZS,24,enriched,hgb,0.064234
TimesFM-2.5-Uni-ZS,24,enriched,hgb,0.038297
TimesFM-2.5-Uni-ZS,24,enriched,hgb,0.0
TimesFM-2.5-Uni-ZS,24,enriched,hgb,0.025749
TimesFM-2.5-Uni-ZS,24,enriched,hgb,0.016155
TimesFM-2.5-Uni-ZS,24,enriched,hgb,0.021041
TimesFM-2.5-Uni-ZS,24,enriched,hgb,0.030161
TimesFM-2.5-Uni-ZS,24,enriched,hgb,0.025749
TimesFM-2.5-Uni-ZS,24,enriched,hgb,0.051519
TimesFM-2.5-Uni-ZS,24,enriched,hgb,0.006635
TimesFM-2.5-Uni-ZS,24,enriched,hgb,0.0
TimesFM-2.5-Uni-ZS,24,enriched,hgb,0.08203
TimesFM-2.5-Uni-ZS,24,enriched,hgb,0.033699
TimesFM-2.5-Uni-ZS,24,enriched,hgb,0.085114
TimesFM-2.5-Uni-ZS,24,enriched,hgb,0.015112
TimesFM-2.5-Uni-ZS,24,enriched,hgb,0.030585
TimesFM-2.5-Uni-ZS,24,enriched,hgb,0.030585
TimesFM-2.5-Uni-ZS,24,enriched,hgb,0.056802
TimesFM-2.5-Uni-ZS,24,enriched,hgb,0.000794
TimesFM-2.5-Uni-ZS,24,enriched,hgb,0.045838
TimesFM-2.5-Uni-ZS,24,enriched,hgb,0.035513
TimesFM-2.5-Uni-ZS,24,enriched,hgb,0.0
TimesFM-2.5-Uni-ZS,24,enriched,hgb,0.051519
TimesFM-2.5-Uni-ZS,24,enriched,hgb,0.060288
TimesFM-2.5-Uni-ZS,24,enriched,hgb,0.027685
TimesFM-2.5-Uni-ZS,24,enriched,hgb,0.049605
TimesFM-2.5-Uni-ZS,24,enriched,hgb,0.0
TimesFM-2.5-Uni-ZS,24,enriched,hgb,0.030585
TimesFM-2.5-Uni-ZS,24,enriched,hgb,0.065973
TimesFM-2.5-Uni-ZS,24,enriched,hgb,0.059708
TimesFM-2.5-Uni-ZS,24,enriched,hgb,0.0277
TimesFM-2.5-Uni-ZS,24,enriched,hgb,0.08203
TimesFM-2.5-Uni-ZS,24,enriched,hgb,0.027685
TimesFM-2.5-Uni-ZS,24,enriched,hgb,0.027685
TimesFM-2.5-Uni-ZS,24,enriched,hgb,0.032399
TimesFM-2.5-Uni-ZS,24,enriched,hgb,0.041385
TimesFM-2.5-Uni-ZS,24,enriched,hgb,0.057804
TimesFM-2.5-Uni-ZS,24,enriched,hgb,0.04132
TimesFM-2.5-Uni-ZS,24,enriched,hgb,0.020465
TimesFM-2.5-Uni-ZS,24,enriched,hgb,0.030161
TimesFM-2.5-Uni-ZS,24,enriched,hgb,0.043865
TimesFM-2.5-Uni-ZS,24,enriched,hgb,0.007061
TimesFM-2.5-Uni-ZS,24,enriched,hgb,0.076875
TimesFM-2.5-Uni-ZS,24,enriched,hgb,0.030161
TimesFM-2.5-Uni-ZS,24,enriched,hgb,0.022402
TimesFM-2.5-Uni-ZS,168,country,hgb,0.0
TimesFM-2.5-Uni-ZS,168,country,hgb,0.0
TimesFM-2.5-Uni-ZS,168,country,hgb,0.0
TimesFM-2.5-Uni-ZS,168,country,hgb,0.0
TimesFM-2.5-Uni-ZS,168,country,hgb,0.0
TimesFM-2.5-Uni-ZS,168,country,hgb,0.0
TimesFM-2.5-Uni-ZS,168,country,hgb,0.0
TimesFM-2.5-Uni-ZS,168,country,hgb,0.0
TimesFM-2.5-Uni-ZS,168,country,hgb,0.0
TimesFM-2.5-Uni-ZS,168,country,hgb,0.0
TimesFM-2.5-Uni-ZS,168,country,hgb,0.0
TimesFM-2.5-Uni-ZS,168,country,hgb,0.0
TimesFM-2.5-Uni-ZS,168,country,hgb,0.0
TimesFM-2.5-Uni-ZS,168,country,hgb,0.0
TimesFM-2.5-Uni-ZS,168,country,hgb,0.0
TimesFM-2.5-Uni-ZS,168,country,hgb,0.0
TimesFM-2.5-Uni-ZS,168,country,hgb,0.0
TimesFM-2.5-Uni-ZS,168,country,hgb,0.0
TimesFM-2.5-Uni-ZS,168,country,hgb,0.0
TimesFM-2.5-Uni-ZS,168,country,hgb,0.0
TimesFM-2.5-Uni-ZS,168,country,hgb,0.0
TimesFM-2.5-Uni-ZS,168,country,hgb,0.0
TimesFM-2.5-Uni-ZS,168,country,hgb,0.0
TimesFM-2.5-Uni-ZS,168,country,hgb,0.0
TimesFM-2.5-Uni-ZS,168,country,hgb,0.0
TimesFM-2.5-Uni-ZS,168,country,hgb,0.0
TimesFM-2.5-Uni-ZS,168,country,hgb,0.0
TimesFM-2.5-Uni-ZS,168,country,hgb,0.0
TimesFM-2.5-Uni-ZS,168,country,hgb,0.0
TimesFM-2.5-Uni-ZS,168,country,hgb,0.0
TimesFM-2.5-Uni-ZS,168,country,hgb,0.0
TimesFM-2.5-Uni-ZS,168,country,hgb,0.0
TimesFM-2.5-Uni-ZS,168,country,hgb,0.0
TimesFM-2.5-Uni-ZS,168,country,hgb,0.0
TimesFM-2.5-Uni-ZS,168,country,hgb,0.0
TimesFM-2.5-Uni-ZS,168,country,hgb,0.0
TimesFM-2.5-Uni-ZS,168,country,hgb,0.0
TimesFM-2.5-Uni-ZS,168,country,hgb,0.0
TimesFM-2.5-Uni-ZS,168,country,hgb,0.0
TimesFM-2.5-Uni-ZS,168,country,hgb,0.0
TimesFM-2.5-Uni-ZS,168,country,hgb,0.0
TimesFM-2.5-Uni-ZS,168,country,hgb,0.0
TimesFM-2.5-Uni-ZS,168,country,hgb,0.0
TimesFM-2.5-Uni-ZS,168,country,hgb,0.0
TimesFM-2.5-Uni-ZS,168,country,hgb,0.0
TimesFM-2.5-Uni-ZS,168,country,hgb,0.0
TimesFM-2.5-Uni-ZS,168,country,hgb,0.0
TimesFM-2.5-Uni-ZS,168,country,hgb,0.0
TimesFM-2.5-Uni-ZS,168,country,hgb,0.0
TimesFM-2.5-Uni-ZS,168,country,hgb,0.0
TimesFM-2.5-Uni-ZS,168,country,hgb,0.0
TimesFM-2.5-Uni-ZS,168,country,hgb,0.0
TimesFM-2.5-Uni-ZS,168,country,hgb,0.0
TimesFM-2.5-Uni-ZS,168,country,hgb,0.0
TimesFM-2.5-Uni-ZS,168,country,hgb,0.0
TimesFM-2.5-Uni-ZS,168,country,hgb,0.0
TimesFM-2.5-Uni-ZS,168,country,hgb,0.0
TimesFM-2.5-Uni-ZS,168,country,hgb,0.0
TimesFM-2.5-Uni-ZS,168,country,hgb,0.0
TimesFM-2.5-Uni-ZS,168,country,hgb,0.0
TimesFM-2.5-Uni-ZS,168,country,hgb,0.0
TimesFM-2.5-Uni-ZS,168,country,hgb,0.0
TimesFM-2.5-Uni-ZS,168,country,hgb,0.0
TimesFM-2.5-Uni-ZS,168,country,hgb,0.0
TimesFM-2.5-Uni-ZS,168,country,hgb,0.0
TimesFM-2.5-Uni-ZS,168,country,hgb,0.0
TimesFM-2.5-Uni-ZS,168,country,hgb,0.0
TimesFM-2.5-Uni-ZS,168,country,hgb,0.0
TimesFM-2.5-Uni-ZS,168,country,hgb,0.0
TimesFM-2.5-Uni-ZS,168,country,hgb,0.0
TimesFM-2.5-Uni-ZS,168,country,hgb,0.0
TimesFM-2.5-Uni-ZS,168,country,hgb,0.0
TimesFM-2.5-Uni-ZS,168,country,hgb,0.0
TimesFM-2.5-Uni-ZS,168,country,hgb,0.0
TimesFM-2.5-Uni-ZS,168,country,hgb,0.0
TimesFM-2.5-Uni-ZS,168,country,hgb,0.0
TimesFM-2.5-Uni-ZS,168,country,hgb,0.0
TimesFM-2.5-Uni-ZS,168,country,hgb,0.0
TimesFM-2.5-Uni-ZS,168,country,hgb,0.0
TimesFM-2.5-Uni-ZS,168,country,hgb,0.0
TimesFM-2.5-Uni-ZS,168,country,hgb,0.0
TimesFM-2.5-Uni-ZS,168,country,hgb,0.0
TimesFM-2.5-Uni-ZS,168,country,hgb,0.0
TimesFM-2.5-Uni-ZS,168,country,hgb,0.0
TimesFM-2.5-Uni-ZS,168,country,hgb,0.0
TimesFM-2.5-Uni-ZS,168,country,hgb,0.0
TimesFM-2.5-Uni-ZS,168,country,hgb,0.0
TimesFM-2.5-Uni-ZS,168,country,hgb,0.0
TimesFM-2.5-Uni-ZS,168,country,hgb,0.0
TimesFM-2.5-Uni-ZS,168,country,hgb,0.0
TimesFM-2.5-Uni-ZS,168,country,hgb,0.0
TimesFM-2.5-Uni-ZS,168,country,hgb,0.0
TimesFM-2.5-Uni-ZS,168,country,hgb,0.0
TimesFM-2.5-Uni-ZS,168,country,hgb,0.0
TimesFM-2.5-Uni-ZS,168,country,hgb,0.0
TimesFM-2.5-Uni-ZS,168,country,hgb,0.0
TimesFM-2.5-Uni-ZS,168,country,hgb,0.0
TimesFM-2.5-Uni-ZS,168,country,hgb,0.0
TimesFM-2.5-Uni-ZS,168,country,hgb,0.0
TimesFM-2.5-Uni-ZS,168,cheap,hgb,0.0
TimesFM-2.5-Uni-ZS,168,cheap,hgb,0.016593
TimesFM-2.5-Uni-ZS,168,cheap,hgb,0.016887
TimesFM-2.5-Uni-ZS,168,cheap,hgb,0.0
TimesFM-2.5-Uni-ZS,168,cheap,hgb,0.0
TimesFM-2.5-Uni-ZS,168,cheap,hgb,0.0
TimesFM-2.5-Uni-ZS,168,cheap,hgb,0.016593
TimesFM-2.5-Uni-ZS,168,cheap,hgb,0.0
TimesFM-2.5-Uni-ZS,168,cheap,hgb,0.016593
TimesFM-2.5-Uni-ZS,168,cheap,hgb,0.0
TimesFM-2.5-Uni-ZS,168,cheap,hgb,0.0
TimesFM-2.5-Uni-ZS,168,cheap,hgb,0.028
TimesFM-2.5-Uni-ZS,168,cheap,hgb,0.061196
TimesFM-2.5-Uni-ZS,168,cheap,hgb,0.038279
TimesFM-2.5-Uni-ZS,168,cheap,hgb,0.0
TimesFM-2.5-Uni-ZS,168,cheap,hgb,0.0
TimesFM-2.5-Uni-ZS,168,cheap,hgb,0.0
TimesFM-2.5-Uni-ZS,168,cheap,hgb,0.0
TimesFM-2.5-Uni-ZS,168,cheap,hgb,0.0
TimesFM-2.5-Uni-ZS,168,cheap,hgb,0.045215
TimesFM-2.5-Uni-ZS,168,cheap,hgb,0.038279
TimesFM-2.5-Uni-ZS,168,cheap,hgb,0.0
TimesFM-2.5-Uni-ZS,168,cheap,hgb,0.0
TimesFM-2.5-Uni-ZS,168,cheap,hgb,0.028
TimesFM-2.5-Uni-ZS,168,cheap,hgb,0.0
TimesFM-2.5-Uni-ZS,168,cheap,hgb,0.0
TimesFM-2.5-Uni-ZS,168,cheap,hgb,0.0
TimesFM-2.5-Uni-ZS,168,cheap,hgb,0.0
TimesFM-2.5-Uni-ZS,168,cheap,hgb,0.0
TimesFM-2.5-Uni-ZS,168,cheap,hgb,0.0
TimesFM-2.5-Uni-ZS,168,cheap,hgb,0.0
TimesFM-2.5-Uni-ZS,168,cheap,hgb,0.0
TimesFM-2.5-Uni-ZS,168,cheap,hgb,0.0
TimesFM-2.5-Uni-ZS,168,cheap,hgb,0.0
TimesFM-2.5-Uni-ZS,168,cheap,hgb,0.0
TimesFM-2.5-Uni-ZS,168,cheap,hgb,0.0
TimesFM-2.5-Uni-ZS,168,cheap,hgb,0.004147
TimesFM-2.5-Uni-ZS,168,cheap,hgb,0.0
TimesFM-2.5-Uni-ZS,168,cheap,hgb,0.069855
TimesFM-2.5-Uni-ZS,168,cheap,hgb,0.051463
TimesFM-2.5-Uni-ZS,168,cheap,hgb,0.0
TimesFM-2.5-Uni-ZS,168,cheap,hgb,0.0
TimesFM-2.5-Uni-ZS,168,cheap,hgb,0.06147
TimesFM-2.5-Uni-ZS,168,cheap,hgb,0.0
TimesFM-2.5-Uni-ZS,168,cheap,hgb,0.0
TimesFM-2.5-Uni-ZS,168,cheap,hgb,0.061196
TimesFM-2.5-Uni-ZS,168,cheap,hgb,0.028
TimesFM-2.5-Uni-ZS,168,cheap,hgb,0.0
TimesFM-2.5-Uni-ZS,168,cheap,hgb,0.078658
TimesFM-2.5-Uni-ZS,168,cheap,hgb,0.061196
TimesFM-2.5-Uni-ZS,168,cheap,hgb,0.0
TimesFM-2.5-Uni-ZS,168,cheap,hgb,0.0
TimesFM-2.5-Uni-ZS,168,cheap,hgb,0.038279
TimesFM-2.5-Uni-ZS,168,cheap,hgb,0.0
TimesFM-2.5-Uni-ZS,168,cheap,hgb,0.028
TimesFM-2.5-Uni-ZS,168,cheap,hgb,0.06243
TimesFM-2.5-Uni-ZS,168,cheap,hgb,0.038279
TimesFM-2.5-Uni-ZS,168,cheap,hgb,0.0
TimesFM-2.5-Uni-ZS,168,cheap,hgb,0.0
TimesFM-2.5-Uni-ZS,168,cheap,hgb,0.0
TimesFM-2.5-Uni-ZS,168,cheap,hgb,0.0
TimesFM-2.5-Uni-ZS,168,cheap,hgb,0.0
TimesFM-2.5-Uni-ZS,168,cheap,hgb,0.00785
TimesFM-2.5-Uni-ZS,168,cheap,hgb,0.0
TimesFM-2.5-Uni-ZS,168,cheap,hgb,0.028
TimesFM-2.5-Uni-ZS,168,cheap,hgb,0.085834
TimesFM-2.5-Uni-ZS,168,cheap,hgb,0.0
TimesFM-2.5-Uni-ZS,168,cheap,hgb,0.0
TimesFM-2.5-Uni-ZS,168,cheap,hgb,0.016593
TimesFM-2.5-Uni-ZS,168,cheap,hgb,0.0
TimesFM-2.5-Uni-ZS,168,cheap,hgb,0.00785
TimesFM-2.5-Uni-ZS,168,cheap,hgb,0.0
TimesFM-2.5-Uni-ZS,168,cheap,hgb,0.0
TimesFM-2.5-Uni-ZS,168,cheap,hgb,0.0
TimesFM-2.5-Uni-ZS,168,cheap,hgb,0.0
TimesFM-2.5-Uni-ZS,168,cheap,hgb,0.00785
TimesFM-2.5-Uni-ZS,168,cheap,hgb,0.0
TimesFM-2.5-Uni-ZS,168,cheap,hgb,0.0
TimesFM-2.5-Uni-ZS,168,cheap,hgb,0.0
TimesFM-2.5-Uni-ZS,168,cheap,hgb,0.010075
TimesFM-2.5-Uni-ZS,168,cheap,hgb,0.085834
TimesFM-2.5-Uni-ZS,168,cheap,hgb,0.0
TimesFM-2.5-Uni-ZS,168,cheap,hgb,0.038279
TimesFM-2.5-Uni-ZS,168,cheap,hgb,0.03319
TimesFM-2.5-Uni-ZS,168,cheap,hgb,0.0
TimesFM-2.5-Uni-ZS,168,cheap,hgb,0.028
TimesFM-2.5-Uni-ZS,168,cheap,hgb,0.0
TimesFM-2.5-Uni-ZS,168,cheap,hgb,0.0
TimesFM-2.5-Uni-ZS,168,cheap,hgb,0.0
TimesFM-2.5-Uni-ZS,168,cheap,hgb,0.0
TimesFM-2.5-Uni-ZS,168,cheap,hgb,0.0
TimesFM-2.5-Uni-ZS,168,cheap,hgb,0.0
TimesFM-2.5-Uni-ZS,168,cheap,hgb,0.016593
TimesFM-2.5-Uni-ZS,168,cheap,hgb,0.0
TimesFM-2.5-Uni-ZS,168,cheap,hgb,0.0
TimesFM-2.5-Uni-ZS,168,cheap,hgb,0.0
TimesFM-2.5-Uni-ZS,168,cheap,hgb,0.0
TimesFM-2.5-Uni-ZS,168,cheap,hgb,0.0
TimesFM-2.5-Uni-ZS,168,cheap,hgb,0.010075
TimesFM-2.5-Uni-ZS,168,enriched,hgb,0.010075
TimesFM-2.5-Uni-ZS,168,enriched,hgb,0.0
TimesFM-2.5-Uni-ZS,168,enriched,hgb,0.010075
TimesFM-2.5-Uni-ZS,168,enriched,hgb,0.0
TimesFM-2.5-Uni-ZS,168,enriched,hgb,0.061196
TimesFM-2.5-Uni-ZS,168,enriched,hgb,0.010075
TimesFM-2.5-Uni-ZS,168,enriched,hgb,0.038279
TimesFM-2.5-Uni-ZS,168,enriched,hgb,0.0
TimesFM-2.5-Uni-ZS,168,enriched,hgb,0.0
TimesFM-2.5-Uni-ZS,168,enriched,hgb,0.00785
TimesFM-2.5-Uni-ZS,168,enriched,hgb,0.038279
TimesFM-2.5-Uni-ZS,168,enriched,hgb,0.0
TimesFM-2.5-Uni-ZS,168,enriched,hgb,0.010075
TimesFM-2.5-Uni-ZS,168,enriched,hgb,0.0
TimesFM-2.5-Uni-ZS,168,enriched,hgb,0.0
TimesFM-2.5-Uni-ZS,168,enriched,hgb,0.0
TimesFM-2.5-Uni-ZS,168,enriched,hgb,0.0
TimesFM-2.5-Uni-ZS,168,enriched,hgb,0.0
TimesFM-2.5-Uni-ZS,168,enriched,hgb,0.00785
TimesFM-2.5-Uni-ZS,168,enriched,hgb,0.0
TimesFM-2.5-Uni-ZS,168,enriched,hgb,0.0
TimesFM-2.5-Uni-ZS,168,enriched,hgb,0.038279
TimesFM-2.5-Uni-ZS,168,enriched,hgb,0.0
TimesFM-2.5-Uni-ZS,168,enriched,hgb,0.0
TimesFM-2.5-Uni-ZS,168,enriched,hgb,0.0
TimesFM-2.5-Uni-ZS,168,enriched,hgb,0.06147
TimesFM-2.5-Uni-ZS,168,enriched,hgb,0.0
TimesFM-2.5-Uni-ZS,168,enriched,hgb,0.0
TimesFM-2.5-Uni-ZS,168,enriched,hgb,0.0
TimesFM-2.5-Uni-ZS,168,enriched,hgb,0.0
TimesFM-2.5-Uni-ZS,168,enriched,hgb,0.0
TimesFM-2.5-Uni-ZS,168,enriched,hgb,0.0
TimesFM-2.5-Uni-ZS,168,enriched,hgb,0.0
TimesFM-2.5-Uni-ZS,168,enriched,hgb,0.038279
TimesFM-2.5-Uni-ZS,168,enriched,hgb,0.038279
TimesFM-2.5-Uni-ZS,168,enriched,hgb,0.0
TimesFM-2.5-Uni-ZS,168,enriched,hgb,0.0
TimesFM-2.5-Uni-ZS,168,enriched,hgb,0.0
TimesFM-2.5-Uni-ZS,168,enriched,hgb,0.06147
TimesFM-2.5-Uni-ZS,168,enriched,hgb,0.061196
TimesFM-2.5-Uni-ZS,168,enriched,hgb,0.028
TimesFM-2.5-Uni-ZS,168,enriched,hgb,0.038279
TimesFM-2.5-Uni-ZS,168,enriched,hgb,0.0
TimesFM-2.5-Uni-ZS,168,enriched,hgb,0.010075
TimesFM-2.5-Uni-ZS,168,enriched,hgb,0.010075
TimesFM-2.5-Uni-ZS,168,enriched,hgb,0.0
TimesFM-2.5-Uni-ZS,168,enriched,hgb,0.0
TimesFM-2.5-Uni-ZS,168,enriched,hgb,0.0
TimesFM-2.5-Uni-ZS,168,enriched,hgb,0.0
TimesFM-2.5-Uni-ZS,168,enriched,hgb,0.00785
TimesFM-2.5-Uni-ZS,168,enriched,hgb,0.0
TimesFM-2.5-Uni-ZS,168,enriched,hgb,0.0
TimesFM-2.5-Uni-ZS,168,enriched,hgb,0.0
TimesFM-2.5-Uni-ZS,168,enriched,hgb,0.038279
TimesFM-2.5-Uni-ZS,168,enriched,hgb,0.0
TimesFM-2.5-Uni-ZS,168,enriched,hgb,0.0
TimesFM-2.5-Uni-ZS,168,enriched,hgb,0.028
TimesFM-2.5-Uni-ZS,168,enriched,hgb,0.03285
TimesFM-2.5-Uni-ZS,168,enriched,hgb,0.0
TimesFM-2.5-Uni-ZS,168,enriched,hgb,0.00785
TimesFM-2.5-Uni-ZS,168,enriched,hgb,0.0
TimesFM-2.5-Uni-ZS,168,enriched,hgb,0.061196
TimesFM-2.5-Uni-ZS,168,enriched,hgb,0.0
TimesFM-2.5-Uni-ZS,168,enriched,hgb,0.0
TimesFM-2.5-Uni-ZS,168,enriched,hgb,0.0
TimesFM-2.5-Uni-ZS,168,enriched,hgb,0.0
TimesFM-2.5-Uni-ZS,168,enriched,hgb,0.0
TimesFM-2.5-Uni-ZS,168,enriched,hgb,0.0
TimesFM-2.5-Uni-ZS,168,enriched,hgb,0.038279
TimesFM-2.5-Uni-ZS,168,enriched,hgb,0.06147
TimesFM-2.5-Uni-ZS,168,enriched,hgb,0.0
TimesFM-2.5-Uni-ZS,168,enriched,hgb,0.028
TimesFM-2.5-Uni-ZS,168,enriched,hgb,0.028
TimesFM-2.5-Uni-ZS,168,enriched,hgb,0.028
TimesFM-2.5-Uni-ZS,168,enriched,hgb,0.0
TimesFM-2.5-Uni-ZS,168,enriched,hgb,0.028
TimesFM-2.5-Uni-ZS,168,enriched,hgb,0.0
TimesFM-2.5-Uni-ZS,168,enriched,hgb,0.038279
TimesFM-2.5-Uni-ZS,168,enriched,hgb,0.0
TimesFM-2.5-Uni-ZS,168,enriched,hgb,0.0
TimesFM-2.5-Uni-ZS,168,enriched,hgb,0.0
TimesFM-2.5-Uni-ZS,168,enriched,hgb,0.0
TimesFM-2.5-Uni-ZS,168,enriched,hgb,0.038279
TimesFM-2.5-Uni-ZS,168,enriched,hgb,0.010075
TimesFM-2.5-Uni-ZS,168,enriched,hgb,0.00785
TimesFM-2.5-Uni-ZS,168,enriched,hgb,0.0
TimesFM-2.5-Uni-ZS,168,enriched,hgb,0.038279
TimesFM-2.5-Uni-ZS,168,enriched,hgb,0.0
TimesFM-2.5-Uni-ZS,168,enriched,hgb,0.028
TimesFM-2.5-Uni-ZS,168,enriched,hgb,0.0
TimesFM-2.5-Uni-ZS,168,enriched,hgb,0.0
TimesFM-2.5-Uni-ZS,168,enriched,hgb,0.010075
TimesFM-2.5-Uni-ZS,168,enriched,hgb,0.0
TimesFM-2.5-Uni-ZS,168,enriched,hgb,0.0
TimesFM-2.5-Uni-ZS,168,enriched,hgb,0.0
TimesFM-2.5-Uni-ZS,168,enriched,hgb,0.0
TimesFM-2.5-Uni-ZS,168,enriched,hgb,0.078658
TimesFM-2.5-Uni-ZS,168,enriched,hgb,0.064479
TimesFM-2.5-Uni-ZS,168,enriched,hgb,0.038279
TimesFM-2.5-Uni-ZS,720,country,hgb,0.0
TimesFM-2.5-Uni-ZS,720,country,hgb,0.0
TimesFM-2.5-Uni-ZS,720,country,hgb,0.0
TimesFM-2.5-Uni-ZS,720,country,hgb,0.0
TimesFM-2.5-Uni-ZS,720,country,hgb,0.0
TimesFM-2.5-Uni-ZS,720,country,hgb,0.0
TimesFM-2.5-Uni-ZS,720,country,hgb,0.0
TimesFM-2.5-Uni-ZS,720,country,hgb,0.0
TimesFM-2.5-Uni-ZS,720,country,hgb,0.0
TimesFM-2.5-Uni-ZS,720,country,hgb,0.0
TimesFM-2.5-Uni-ZS,720,country,hgb,0.0
TimesFM-2.5-Uni-ZS,720,country,hgb,0.0
TimesFM-2.5-Uni-ZS,720,country,hgb,0.0
TimesFM-2.5-Uni-ZS,720,country,hgb,0.0
TimesFM-2.5-Uni-ZS,720,country,hgb,0.0
TimesFM-2.5-Uni-ZS,720,country,hgb,0.0
TimesFM-2.5-Uni-ZS,720,country,hgb,0.0
TimesFM-2.5-Uni-ZS,720,country,hgb,0.0
TimesFM-2.5-Uni-ZS,720,country,hgb,0.0
TimesFM-2.5-Uni-ZS,720,country,hgb,0.0
TimesFM-2.5-Uni-ZS,720,country,hgb,0.0
TimesFM-2.5-Uni-ZS,720,country,hgb,0.0
TimesFM-2.5-Uni-ZS,720,country,hgb,0.0
TimesFM-2.5-Uni-ZS,720,country,hgb,0.0
TimesFM-2.5-Uni-ZS,720,country,hgb,0.0
TimesFM-2.5-Uni-ZS,720,country,hgb,0.0
TimesFM-2.5-Uni-ZS,720,country,hgb,0.0
TimesFM-2.5-Uni-ZS,720,country,hgb,0.0
TimesFM-2.5-Uni-ZS,720,country,hgb,0.0
TimesFM-2.5-Uni-ZS,720,country,hgb,0.0
TimesFM-2.5-Uni-ZS,720,country,hgb,0.0
TimesFM-2.5-Uni-ZS,720,country,hgb,0.0
TimesFM-2.5-Uni-ZS,720,country,hgb,0.0
TimesFM-2.5-Uni-ZS,720,country,hgb,0.0
TimesFM-2.5-Uni-ZS,720,country,hgb,0.0
TimesFM-2.5-Uni-ZS,720,country,hgb,0.0
TimesFM-2.5-Uni-ZS,720,country,hgb,0.0
TimesFM-2.5-Uni-ZS,720,country,hgb,0.0
TimesFM-2.5-Uni-ZS,720,country,hgb,0.0
TimesFM-2.5-Uni-ZS,720,country,hgb,0.0
TimesFM-2.5-Uni-ZS,720,country,hgb,0.0
TimesFM-2.5-Uni-ZS,720,country,hgb,0.0
TimesFM-2.5-Uni-ZS,720,country,hgb,0.0
TimesFM-2.5-Uni-ZS,720,country,hgb,0.0
TimesFM-2.5-Uni-ZS,720,country,hgb,0.0
TimesFM-2.5-Uni-ZS,720,country,hgb,0.0
TimesFM-2.5-Uni-ZS,720,country,hgb,0.0
TimesFM-2.5-Uni-ZS,720,country,hgb,0.0
TimesFM-2.5-Uni-ZS,720,country,hgb,0.0
TimesFM-2.5-Uni-ZS,720,country,hgb,0.0
TimesFM-2.5-Uni-ZS,720,country,hgb,0.0
TimesFM-2.5-Uni-ZS,720,country,hgb,0.0
TimesFM-2.5-Uni-ZS,720,country,hgb,0.0
TimesFM-2.5-Uni-ZS,720,country,hgb,0.0
TimesFM-2.5-Uni-ZS,720,country,hgb,0.0
TimesFM-2.5-Uni-ZS,720,country,hgb,0.0
TimesFM-2.5-Uni-ZS,720,country,hgb,0.0
TimesFM-2.5-Uni-ZS,720,country,hgb,0.0
TimesFM-2.5-Uni-ZS,720,country,hgb,0.0
TimesFM-2.5-Uni-ZS,720,country,hgb,0.0
TimesFM-2.5-Uni-ZS,720,country,hgb,0.0
TimesFM-2.5-Uni-ZS,720,country,hgb,0.0
TimesFM-2.5-Uni-ZS,720,country,hgb,0.0
TimesFM-2.5-Uni-ZS,720,country,hgb,0.0
TimesFM-2.5-Uni-ZS,720,country,hgb,0.0
TimesFM-2.5-Uni-ZS,720,country,hgb,0.0
TimesFM-2.5-Uni-ZS,720,country,hgb,0.0
TimesFM-2.5-Uni-ZS,720,country,hgb,0.0
TimesFM-2.5-Uni-ZS,720,country,hgb,0.0
TimesFM-2.5-Uni-ZS,720,country,hgb,0.0
TimesFM-2.5-Uni-ZS,720,country,hgb,0.0
TimesFM-2.5-Uni-ZS,720,country,hgb,0.0
TimesFM-2.5-Uni-ZS,720,country,hgb,0.0
TimesFM-2.5-Uni-ZS,720,country,hgb,0.0
TimesFM-2.5-Uni-ZS,720,country,hgb,0.0
TimesFM-2.5-Uni-ZS,720,country,hgb,0.0
TimesFM-2.5-Uni-ZS,720,country,hgb,0.0
TimesFM-2.5-Uni-ZS,720,country,hgb,0.0
TimesFM-2.5-Uni-ZS,720,country,hgb,0.0
TimesFM-2.5-Uni-ZS,720,country,hgb,0.0
TimesFM-2.5-Uni-ZS,720,country,hgb,0.0
TimesFM-2.5-Uni-ZS,720,country,hgb,0.0
TimesFM-2.5-Uni-ZS,720,country,hgb,0.0
TimesFM-2.5-Uni-ZS,720,country,hgb,0.0
TimesFM-2.5-Uni-ZS,720,country,hgb,0.0
TimesFM-2.5-Uni-ZS,720,country,hgb,0.0
TimesFM-2.5-Uni-ZS,720,country,hgb,0.0
TimesFM-2.5-Uni-ZS,720,country,hgb,0.0
TimesFM-2.5-Uni-ZS,720,country,hgb,0.0
TimesFM-2.5-Uni-ZS,720,country,hgb,0.0
TimesFM-2.5-Uni-ZS,720,country,hgb,0.0
TimesFM-2.5-Uni-ZS,720,country,hgb,0.0
TimesFM-2.5-Uni-ZS,720,country,hgb,0.0
TimesFM-2.5-Uni-ZS,720,country,hgb,0.0
TimesFM-2.5-Uni-ZS,720,country,hgb,0.0
TimesFM-2.5-Uni-ZS,720,country,hgb,0.0
TimesFM-2.5-Uni-ZS,720,country,hgb,0.0
TimesFM-2.5-Uni-ZS,720,country,hgb,0.0
TimesFM-2.5-Uni-ZS,720,country,hgb,0.0
TimesFM-2.5-Uni-ZS,720,cheap,hgb,0.002727
TimesFM-2.5-Uni-ZS,720,cheap,hgb,0.0
TimesFM-2.5-Uni-ZS,720,cheap,hgb,0.0
TimesFM-2.5-Uni-ZS,720,cheap,hgb,0.038651
TimesFM-2.5-Uni-ZS,720,cheap,hgb,0.0
TimesFM-2.5-Uni-ZS,720,cheap,hgb,0.0
TimesFM-2.5-Uni-ZS,720,cheap,hgb,0.0
TimesFM-2.5-Uni-ZS,720,cheap,hgb,0.0
TimesFM-2.5-Uni-ZS,720,cheap,hgb,0.0
TimesFM-2.5-Uni-ZS,720,cheap,hgb,0.0
TimesFM-2.5-Uni-ZS,720,cheap,hgb,0.0
TimesFM-2.5-Uni-ZS,720,cheap,hgb,0.0
TimesFM-2.5-Uni-ZS,720,cheap,hgb,0.0
TimesFM-2.5-Uni-ZS,720,cheap,hgb,0.013993
TimesFM-2.5-Uni-ZS,720,cheap,hgb,0.013993
TimesFM-2.5-Uni-ZS,720,cheap,hgb,0.0
TimesFM-2.5-Uni-ZS,720,cheap,hgb,0.002727
TimesFM-2.5-Uni-ZS,720,cheap,hgb,0.0
TimesFM-2.5-Uni-ZS,720,cheap,hgb,0.0
TimesFM-2.5-Uni-ZS,720,cheap,hgb,0.0
TimesFM-2.5-Uni-ZS,720,cheap,hgb,0.0
TimesFM-2.5-Uni-ZS,720,cheap,hgb,0.0
TimesFM-2.5-Uni-ZS,720,cheap,hgb,0.013993
TimesFM-2.5-Uni-ZS,720,cheap,hgb,0.002727
TimesFM-2.5-Uni-ZS,720,cheap,hgb,0.046537
TimesFM-2.5-Uni-ZS,720,cheap,hgb,0.0
TimesFM-2.5-Uni-ZS,720,cheap,hgb,0.0
TimesFM-2.5-Uni-ZS,720,cheap,hgb,0.090673
TimesFM-2.5-Uni-ZS,720,cheap,hgb,0.0
TimesFM-2.5-Uni-ZS,720,cheap,hgb,0.0
TimesFM-2.5-Uni-ZS,720,cheap,hgb,0.011747
TimesFM-2.5-Uni-ZS,720,cheap,hgb,0.0
TimesFM-2.5-Uni-ZS,720,cheap,hgb,0.0
TimesFM-2.5-Uni-ZS,720,cheap,hgb,0.0
TimesFM-2.5-Uni-ZS,720,cheap,hgb,0.0
TimesFM-2.5-Uni-ZS,720,cheap,hgb,0.0
TimesFM-2.5-Uni-ZS,720,cheap,hgb,0.046272
TimesFM-2.5-Uni-ZS,720,cheap,hgb,0.002727
TimesFM-2.5-Uni-ZS,720,cheap,hgb,0.019058
TimesFM-2.5-Uni-ZS,720,cheap,hgb,0.011747
TimesFM-2.5-Uni-ZS,720,cheap,hgb,0.0
TimesFM-2.5-Uni-ZS,720,cheap,hgb,0.002727
TimesFM-2.5-Uni-ZS,720,cheap,hgb,0.0
TimesFM-2.5-Uni-ZS,720,cheap,hgb,0.0
TimesFM-2.5-Uni-ZS,720,cheap,hgb,0.0
TimesFM-2.5-Uni-ZS,720,cheap,hgb,0.0
TimesFM-2.5-Uni-ZS,720,cheap,hgb,0.0
TimesFM-2.5-Uni-ZS,720,cheap,hgb,0.0
TimesFM-2.5-Uni-ZS,720,cheap,hgb,0.0
TimesFM-2.5-Uni-ZS,720,cheap,hgb,0.0
TimesFM-2.5-Uni-ZS,720,cheap,hgb,0.0
TimesFM-2.5-Uni-ZS,720,cheap,hgb,0.011747
TimesFM-2.5-Uni-ZS,720,cheap,hgb,0.002727
TimesFM-2.5-Uni-ZS,720,cheap,hgb,0.0
TimesFM-2.5-Uni-ZS,720,cheap,hgb,0.0
TimesFM-2.5-Uni-ZS,720,cheap,hgb,0.0
TimesFM-2.5-Uni-ZS,720,cheap,hgb,0.0
TimesFM-2.5-Uni-ZS,720,cheap,hgb,0.0
TimesFM-2.5-Uni-ZS,720,cheap,hgb,0.0
TimesFM-2.5-Uni-ZS,720,cheap,hgb,0.020292
TimesFM-2.5-Uni-ZS,720,cheap,hgb,0.011747
TimesFM-2.5-Uni-ZS,720,cheap,hgb,0.0
TimesFM-2.5-Uni-ZS,720,cheap,hgb,0.011747
TimesFM-2.5-Uni-ZS,720,cheap,hgb,0.0
TimesFM-2.5-Uni-ZS,720,cheap,hgb,0.0
TimesFM-2.5-Uni-ZS,720,cheap,hgb,0.0
TimesFM-2.5-Uni-ZS,720,cheap,hgb,0.0
TimesFM-2.5-Uni-ZS,720,cheap,hgb,0.0
TimesFM-2.5-Uni-ZS,720,cheap,hgb,0.0
TimesFM-2.5-Uni-ZS,720,cheap,hgb,0.0
TimesFM-2.5-Uni-ZS,720,cheap,hgb,0.002727
TimesFM-2.5-Uni-ZS,720,cheap,hgb,0.0
TimesFM-2.5-Uni-ZS,720,cheap,hgb,0.0
TimesFM-2.5-Uni-ZS,720,cheap,hgb,0.002727
TimesFM-2.5-Uni-ZS,720,cheap,hgb,0.0
TimesFM-2.5-Uni-ZS,720,cheap,hgb,0.0
TimesFM-2.5-Uni-ZS,720,cheap,hgb,0.0
TimesFM-2.5-Uni-ZS,720,cheap,hgb,0.0
TimesFM-2.5-Uni-ZS,720,cheap,hgb,0.0
TimesFM-2.5-Uni-ZS,720,cheap,hgb,0.01143
TimesFM-2.5-Uni-ZS,720,cheap,hgb,0.072661
TimesFM-2.5-Uni-ZS,720,cheap,hgb,0.002727
TimesFM-2.5-Uni-ZS,720,cheap,hgb,0.002727
TimesFM-2.5-Uni-ZS,720,cheap,hgb,0.013993
TimesFM-2.5-Uni-ZS,720,cheap,hgb,0.0
TimesFM-2.5-Uni-ZS,720,cheap,hgb,0.002727
TimesFM-2.5-Uni-ZS,720,cheap,hgb,0.002727
TimesFM-2.5-Uni-ZS,720,cheap,hgb,0.0
TimesFM-2.5-Uni-ZS,720,cheap,hgb,0.019058
TimesFM-2.5-Uni-ZS,720,cheap,hgb,0.0
TimesFM-2.5-Uni-ZS,720,cheap,hgb,0.038651
TimesFM-2.5-Uni-ZS,720,cheap,hgb,0.0
TimesFM-2.5-Uni-ZS,720,cheap,hgb,0.0
TimesFM-2.5-Uni-ZS,720,cheap,hgb,0.0
TimesFM-2.5-Uni-ZS,720,cheap,hgb,0.0
TimesFM-2.5-Uni-ZS,720,cheap,hgb,0.0
TimesFM-2.5-Uni-ZS,720,cheap,hgb,0.0
TimesFM-2.5-Uni-ZS,720,cheap,hgb,0.011747
TimesFM-2.5-Uni-ZS,720,cheap,hgb,0.0
TimesFM-2.5-Uni-ZS,720,enriched,hgb,0.0
TimesFM-2.5-Uni-ZS,720,enriched,hgb,0.0
TimesFM-2.5-Uni-ZS,720,enriched,hgb,0.0
TimesFM-2.5-Uni-ZS,720,enriched,hgb,0.046537
TimesFM-2.5-Uni-ZS,720,enriched,hgb,0.0
TimesFM-2.5-Uni-ZS,720,enriched,hgb,0.0
TimesFM-2.5-Uni-ZS,720,enriched,hgb,0.002727
TimesFM-2.5-Uni-ZS,720,enriched,hgb,0.0
TimesFM-2.5-Uni-ZS,720,enriched,hgb,0.011747
TimesFM-2.5-Uni-ZS,720,enriched,hgb,0.0
TimesFM-2.5-Uni-ZS,720,enriched,hgb,0.0
TimesFM-2.5-Uni-ZS,720,enriched,hgb,0.0
TimesFM-2.5-Uni-ZS,720,enriched,hgb,0.011747
TimesFM-2.5-Uni-ZS,720,enriched,hgb,0.011747
TimesFM-2.5-Uni-ZS,720,enriched,hgb,0.038651
TimesFM-2.5-Uni-ZS,720,enriched,hgb,0.011747
TimesFM-2.5-Uni-ZS,720,enriched,hgb,0.0
TimesFM-2.5-Uni-ZS,720,enriched,hgb,0.0
TimesFM-2.5-Uni-ZS,720,enriched,hgb,0.0
TimesFM-2.5-Uni-ZS,720,enriched,hgb,0.0
TimesFM-2.5-Uni-ZS,720,enriched,hgb,0.0
TimesFM-2.5-Uni-ZS,720,enriched,hgb,0.013993
TimesFM-2.5-Uni-ZS,720,enriched,hgb,0.0
TimesFM-2.5-Uni-ZS,720,enriched,hgb,0.0
TimesFM-2.5-Uni-ZS,720,enriched,hgb,0.0
TimesFM-2.5-Uni-ZS,720,enriched,hgb,0.0
TimesFM-2.5-Uni-ZS,720,enriched,hgb,0.0
TimesFM-2.5-Uni-ZS,720,enriched,hgb,0.011747
TimesFM-2.5-Uni-ZS,720,enriched,hgb,0.019058
TimesFM-2.5-Uni-ZS,720,enriched,hgb,0.013993
TimesFM-2.5-Uni-ZS,720,enriched,hgb,0.0
TimesFM-2.5-Uni-ZS,720,enriched,hgb,0.002727
TimesFM-2.5-Uni-ZS,720,enriched,hgb,0.0
TimesFM-2.5-Uni-ZS,720,enriched,hgb,0.011747
TimesFM-2.5-Uni-ZS,720,enriched,hgb,0.0
TimesFM-2.5-Uni-ZS,720,enriched,hgb,0.019058
TimesFM-2.5-Uni-ZS,720,enriched,hgb,0.002727
TimesFM-2.5-Uni-ZS,720,enriched,hgb,0.0
TimesFM-2.5-Uni-ZS,720,enriched,hgb,0.020141
TimesFM-2.5-Uni-ZS,720,enriched,hgb,0.0
TimesFM-2.5-Uni-ZS,720,enriched,hgb,0.0
TimesFM-2.5-Uni-ZS,720,enriched,hgb,0.011747
TimesFM-2.5-Uni-ZS,720,enriched,hgb,0.0
TimesFM-2.5-Uni-ZS,720,enriched,hgb,0.0
TimesFM-2.5-Uni-ZS,720,enriched,hgb,0.0
TimesFM-2.5-Uni-ZS,720,enriched,hgb,0.0
TimesFM-2.5-Uni-ZS,720,enriched,hgb,0.013993
TimesFM-2.5-Uni-ZS,720,enriched,hgb,0.0
TimesFM-2.5-Uni-ZS,720,enriched,hgb,0.002727
TimesFM-2.5-Uni-ZS,720,enriched,hgb,0.0
TimesFM-2.5-Uni-ZS,720,enriched,hgb,0.002727
TimesFM-2.5-Uni-ZS,720,enriched,hgb,0.0
TimesFM-2.5-Uni-ZS,720,enriched,hgb,0.002727
TimesFM-2.5-Uni-ZS,720,enriched,hgb,0.0
TimesFM-2.5-Uni-ZS,720,enriched,hgb,0.0
TimesFM-2.5-Uni-ZS,720,enriched,hgb,0.053491
TimesFM-2.5-Uni-ZS,720,enriched,hgb,0.0
TimesFM-2.5-Uni-ZS,720,enriched,hgb,0.0
TimesFM-2.5-Uni-ZS,720,enriched,hgb,0.0
TimesFM-2.5-Uni-ZS,720,enriched,hgb,0.0
TimesFM-2.5-Uni-ZS,720,enriched,hgb,0.011747
TimesFM-2.5-Uni-ZS,720,enriched,hgb,0.046272
TimesFM-2.5-Uni-ZS,720,enriched,hgb,0.002727
TimesFM-2.5-Uni-ZS,720,enriched,hgb,0.0
TimesFM-2.5-Uni-ZS,720,enriched,hgb,0.0
TimesFM-2.5-Uni-ZS,720,enriched,hgb,0.0
TimesFM-2.5-Uni-ZS,720,enriched,hgb,0.0
TimesFM-2.5-Uni-ZS,720,enriched,hgb,0.0
TimesFM-2.5-Uni-ZS,720,enriched,hgb,0.0
TimesFM-2.5-Uni-ZS,720,enriched,hgb,0.013993
TimesFM-2.5-Uni-ZS,720,enriched,hgb,0.013993
TimesFM-2.5-Uni-ZS,720,enriched,hgb,0.0
TimesFM-2.5-Uni-ZS,720,enriched,hgb,0.148076
TimesFM-2.5-Uni-ZS,720,enriched,hgb,0.0
TimesFM-2.5-Uni-ZS,720,enriched,hgb,0.0
TimesFM-2.5-Uni-ZS,720,enriched,hgb,0.0
TimesFM-2.5-Uni-ZS,720,enriched,hgb,0.0
TimesFM-2.5-Uni-ZS,720,enriched,hgb,0.0
TimesFM-2.5-Uni-ZS,720,enriched,hgb,0.011747
TimesFM-2.5-Uni-ZS,720,enriched,hgb,0.0
TimesFM-2.5-Uni-ZS,720,enriched,hgb,0.0
TimesFM-2.5-Uni-ZS,720,enriched,hgb,0.002727
TimesFM-2.5-Uni-ZS,720,enriched,hgb,0.0
TimesFM-2.5-Uni-ZS,720,enriched,hgb,0.0
TimesFM-2.5-Uni-ZS,720,enriched,hgb,0.0
TimesFM-2.5-Uni-ZS,720,enriched,hgb,0.0
TimesFM-2.5-Uni-ZS,720,enriched,hgb,0.0
TimesFM-2.5-Uni-ZS,720,enriched,hgb,0.0
TimesFM-2.5-Uni-ZS,720,enriched,hgb,0.019058
TimesFM-2.5-Uni-ZS,720,enriched,hgb,0.011747
TimesFM-2.5-Uni-ZS,720,enriched,hgb,0.002727
TimesFM-2.5-Uni-ZS,720,enriched,hgb,0.0
TimesFM-2.5-Uni-ZS,720,enriched,hgb,0.0
TimesFM-2.5-Uni-ZS,720,enriched,hgb,0.0
TimesFM-2.5-Uni-ZS,720,enriched,hgb,0.013993
TimesFM-2.5-Uni-ZS,720,enriched,hgb,0.0
TimesFM-2.5-Uni-ZS,720,enriched,hgb,0.0
TimesFM-2.5-Uni-ZS,720,enriched,hgb,0.011747
TimesFM-2.5-Uni-ZS,720,enriched,hgb,0.0
