fm,horizon,country,loo_point_pp,delta_point_pp,loo_lo,loo_hi,delta_width,loo_sig,loo_above_margin
Chronos-2-Uni-ZS,1,AT,0.0363,-0.0007,0.0177,0.0579,0.0023,True,False
Chronos-2-Uni-ZS,1,BE,0.0387,0.0018,0.0197,0.0595,0.0019,True,False
Chronos-2-Uni-ZS,1,BG,0.0388,0.0019,0.0199,0.0596,0.0018,True,False
Chronos-2-Uni-ZS,1,CH,0.0397,0.0028,0.0214,0.0603,0.001,True,False
Chronos-2-Uni-ZS,1,CZ,0.0376,0.0006,0.0185,0.0588,0.0023,True,False
Chronos-2-Uni-ZS,1,DE,0.0382,0.0013,0.0194,0.059,0.0016,True,False
Chronos-2-Uni-ZS,1,ES,0.033,-0.0039,0.017,0.0528,-0.0021,True,False
Chronos-2-Uni-ZS,1,FR,0.0402,0.0033,0.0226,0.0603,-0.0001,True,False
Chronos-2-Uni-ZS,1,GR,0.0358,-0.0011,0.0172,0.0561,0.001,True,False
Chronos-2-Uni-ZS,1,HR,0.0312,-0.0058,0.0157,0.0482,-0.0055,True,False
Chronos-2-Uni-ZS,1,HU,0.0379,0.001,0.019,0.0588,0.0019,True,False
Chronos-2-Uni-ZS,1,IT,0.0331,-0.0038,0.0158,0.0522,-0.0016,True,False
Chronos-2-Uni-ZS,1,LU,0.0373,0.0003,0.0178,0.0587,0.0031,True,False
Chronos-2-Uni-ZS,1,NL,0.0388,0.0018,0.0199,0.0595,0.0017,True,False
Chronos-2-Uni-ZS,1,PL,0.0346,-0.0023,0.0164,0.0558,0.0015,True,False
Chronos-2-Uni-ZS,1,PT,0.0362,-0.0007,0.0168,0.0578,0.003,True,False
Chronos-2-Uni-ZS,1,RO,0.0384,0.0015,0.0196,0.0589,0.0014,True,False
Chronos-2-Uni-ZS,1,SI,0.0377,0.0008,0.019,0.0581,0.0012,True,False
Chronos-2-Uni-ZS,1,SK,0.0382,0.0013,0.0193,0.0587,0.0015,True,False
Chronos-2-Uni-ZS,24,AT,0.2051,-0.0087,0.1327,0.2843,0.0087,True,True
Chronos-2-Uni-ZS,24,BE,0.2171,0.0033,0.1394,0.2969,0.0146,True,True
Chronos-2-Uni-ZS,24,BG,0.2276,0.0138,0.1566,0.3018,0.0023,True,True
Chronos-2-Uni-ZS,24,CH,0.2304,0.0165,0.1612,0.3027,-0.0015,True,True
Chronos-2-Uni-ZS,24,CZ,0.2117,-0.0021,0.1363,0.2893,0.01,True,True
Chronos-2-Uni-ZS,24,DE,0.2131,-0.0007,0.1377,0.2911,0.0105,True,True
Chronos-2-Uni-ZS,24,ES,0.2178,0.004,0.1423,0.295,0.0098,True,True
Chronos-2-Uni-ZS,24,FR,0.218,0.0042,0.1425,0.2951,0.0097,True,True
Chronos-2-Uni-ZS,24,GR,0.2052,-0.0087,0.1342,0.2823,0.0052,True,True
Chronos-2-Uni-ZS,24,HR,0.206,-0.0078,0.1346,0.284,0.0065,True,True
Chronos-2-Uni-ZS,24,HU,0.2205,0.0066,0.145,0.297,0.0091,True,True
Chronos-2-Uni-ZS,24,IT,0.1947,-0.0192,0.1269,0.2657,-0.0041,True,True
Chronos-2-Uni-ZS,24,LU,0.2112,-0.0026,0.1332,0.2917,0.0156,True,True
Chronos-2-Uni-ZS,24,NL,0.2256,0.0118,0.1564,0.3009,0.0016,True,True
Chronos-2-Uni-ZS,24,PL,0.2058,-0.008,0.1332,0.2824,0.0062,True,True
Chronos-2-Uni-ZS,24,PT,0.2155,0.0017,0.1407,0.2931,0.0096,True,True
Chronos-2-Uni-ZS,24,RO,0.2012,-0.0126,0.1322,0.2751,0.0001,True,True
Chronos-2-Uni-ZS,24,SI,0.2198,0.0059,0.1476,0.2963,0.0058,True,True
Chronos-2-Uni-ZS,24,SK,0.2168,0.003,0.1423,0.2938,0.0085,True,True
Chronos-2-Uni-ZS,168,AT,0.148,-0.0206,0.0631,0.244,-0.0071,True,False
Chronos-2-Uni-ZS,168,BE,0.1676,-0.001,0.0719,0.2742,0.0144,True,False
Chronos-2-Uni-ZS,168,BG,0.1856,0.017,0.0982,0.2883,0.0021,True,False
Chronos-2-Uni-ZS,168,CH,0.1816,0.013,0.0902,0.2868,0.0087,True,False
Chronos-2-Uni-ZS,168,CZ,0.1653,-0.0033,0.0713,0.2732,0.0139,True,False
Chronos-2-Uni-ZS,168,DE,0.1687,0.0001,0.0749,0.2785,0.0157,True,False
Chronos-2-Uni-ZS,168,ES,0.1617,-0.0068,0.0684,0.2724,0.0161,True,False
Chronos-2-Uni-ZS,168,FR,0.1818,0.0132,0.0906,0.283,0.0044,True,False
Chronos-2-Uni-ZS,168,GR,0.1799,0.0114,0.0882,0.2827,0.0065,True,False
Chronos-2-Uni-ZS,168,HR,0.1795,0.0109,0.0874,0.282,0.0067,True,False
Chronos-2-Uni-ZS,168,HU,0.1624,-0.0062,0.0684,0.2684,0.012,True,False
Chronos-2-Uni-ZS,168,IT,0.1635,-0.0051,0.0693,0.2705,0.0133,True,False
Chronos-2-Uni-ZS,168,LU,0.1499,-0.0187,0.0615,0.25,0.0006,True,False
Chronos-2-Uni-ZS,168,NL,0.1793,0.0107,0.0862,0.2809,0.0067,True,False
Chronos-2-Uni-ZS,168,PL,0.1727,0.0041,0.0777,0.2754,0.0098,True,False
Chronos-2-Uni-ZS,168,PT,0.1711,0.0025,0.0752,0.2748,0.0116,True,False
Chronos-2-Uni-ZS,168,RO,0.1631,-0.0055,0.0693,0.267,0.0098,True,False
Chronos-2-Uni-ZS,168,SI,0.1452,-0.0234,0.0611,0.2375,-0.0116,True,False
Chronos-2-Uni-ZS,168,SK,0.1763,0.0077,0.0812,0.2799,0.0108,True,False
Chronos-2-Uni-ZS,720,AT,0.266,-0.0013,0.1133,0.4763,0.0102,True,True
Chronos-2-Uni-ZS,720,BE,0.2748,0.0074,0.1223,0.4875,0.0123,True,True
Chronos-2-Uni-ZS,720,BG,0.2869,0.0196,0.1368,0.494,0.0043,True,True
Chronos-2-Uni-ZS,720,CH,0.2355,-0.0318,0.097,0.4319,-0.018,True,False
Chronos-2-Uni-ZS,720,CZ,0.2541,-0.0133,0.1024,0.4682,0.013,True,True
Chronos-2-Uni-ZS,720,DE,0.2804,0.013,0.1257,0.4915,0.0129,True,True
Chronos-2-Uni-ZS,720,ES,0.2723,0.0049,0.1153,0.4828,0.0146,True,True
Chronos-2-Uni-ZS,720,FR,0.2795,0.0122,0.1225,0.4873,0.012,True,True
Chronos-2-Uni-ZS,720,GR,0.2693,0.002,0.1073,0.4822,0.022,True,True
Chronos-2-Uni-ZS,720,HR,0.2832,0.0158,0.1231,0.4914,0.0155,True,True
Chronos-2-Uni-ZS,720,HU,0.2753,0.008,0.1152,0.4869,0.0188,True,True
Chronos-2-Uni-ZS,720,IT,0.252,-0.0153,0.0969,0.4661,0.0163,True,False
Chronos-2-Uni-ZS,720,LU,0.1935,-0.0738,0.0952,0.3084,-0.1397,True,False
Chronos-2-Uni-ZS,720,NL,0.2745,0.0072,0.1213,0.484,0.0098,True,True
Chronos-2-Uni-ZS,720,PL,0.2891,0.0218,0.1375,0.4948,0.0045,True,True
Chronos-2-Uni-ZS,720,PT,0.27,0.0026,0.1119,0.4835,0.0188,True,True
Chronos-2-Uni-ZS,720,RO,0.2861,0.0188,0.1312,0.4904,0.0064,True,True
Chronos-2-Uni-ZS,720,SI,0.2673,-0.0,0.11,0.4755,0.0127,True,True
Chronos-2-Uni-ZS,720,SK,0.2696,0.0023,0.1123,0.48,0.0148,True,True
TimesFM-2.5-Uni-ZS,1,AT,0.0232,-0.0027,0.0128,0.0334,-0.0012,True,False
TimesFM-2.5-Uni-ZS,1,BE,0.0268,0.001,0.0158,0.038,0.0005,True,False
TimesFM-2.5-Uni-ZS,1,BG,0.0266,0.0008,0.0156,0.0379,0.0006,True,False
TimesFM-2.5-Uni-ZS,1,CH,0.0258,-0.0001,0.0147,0.0374,0.0009,True,False
TimesFM-2.5-Uni-ZS,1,CZ,0.0259,0.0001,0.0149,0.0375,0.0009,True,False
TimesFM-2.5-Uni-ZS,1,DE,0.0247,-0.0011,0.0138,0.0364,0.0009,True,False
TimesFM-2.5-Uni-ZS,1,ES,0.0248,-0.001,0.0138,0.0365,0.0009,True,False
TimesFM-2.5-Uni-ZS,1,FR,0.0264,0.0006,0.0152,0.038,0.001,True,False
TimesFM-2.5-Uni-ZS,1,GR,0.0266,0.0008,0.0154,0.0381,0.0009,True,False
TimesFM-2.5-Uni-ZS,1,HR,0.0246,-0.0012,0.0136,0.0362,0.0008,True,False
TimesFM-2.5-Uni-ZS,1,HU,0.0289,0.003,0.0192,0.0395,-0.0015,True,False
TimesFM-2.5-Uni-ZS,1,IT,0.0236,-0.0022,0.0128,0.0349,0.0004,True,False
TimesFM-2.5-Uni-ZS,1,LU,0.0243,-0.0015,0.0131,0.0364,0.0015,True,False
TimesFM-2.5-Uni-ZS,1,NL,0.027,0.0012,0.0154,0.0389,0.0017,True,False
TimesFM-2.5-Uni-ZS,1,PL,0.0251,-0.0007,0.0138,0.0374,0.0018,True,False
TimesFM-2.5-Uni-ZS,1,PT,0.0267,0.0008,0.0153,0.0387,0.0016,True,False
TimesFM-2.5-Uni-ZS,1,RO,0.027,0.0011,0.0157,0.0389,0.0015,True,False
TimesFM-2.5-Uni-ZS,1,SI,0.0273,0.0015,0.0159,0.0392,0.0015,True,False
TimesFM-2.5-Uni-ZS,1,SK,0.0256,-0.0002,0.0143,0.0376,0.0015,True,False
TimesFM-2.5-Uni-ZS,24,AT,0.2993,0.0001,0.1989,0.4151,0.0209,True,True
TimesFM-2.5-Uni-ZS,24,BE,0.3086,0.0093,0.2095,0.4176,0.0127,True,True
TimesFM-2.5-Uni-ZS,24,BG,0.3055,0.0062,0.2059,0.4169,0.0157,True,True
TimesFM-2.5-Uni-ZS,24,CH,0.3193,0.0201,0.2263,0.4247,0.0031,True,True
TimesFM-2.5-Uni-ZS,24,CZ,0.2965,-0.0027,0.1997,0.4115,0.0166,True,True
TimesFM-2.5-Uni-ZS,24,DE,0.2992,-0.0001,0.2016,0.4162,0.0193,True,True
TimesFM-2.5-Uni-ZS,24,ES,0.3007,0.0015,0.2023,0.4162,0.0186,True,True
TimesFM-2.5-Uni-ZS,24,FR,0.3053,0.006,0.2084,0.4184,0.0146,True,True
TimesFM-2.5-Uni-ZS,24,GR,0.3024,0.0032,0.2049,0.418,0.0178,True,True
TimesFM-2.5-Uni-ZS,24,HR,0.3092,0.01,0.2138,0.4215,0.0124,True,True
TimesFM-2.5-Uni-ZS,24,HU,0.302,0.0028,0.2055,0.4137,0.0128,True,True
TimesFM-2.5-Uni-ZS,24,IT,0.2623,-0.0369,0.1835,0.3397,-0.0392,True,True
TimesFM-2.5-Uni-ZS,24,LU,0.2997,0.0005,0.1987,0.4133,0.0193,True,True
TimesFM-2.5-Uni-ZS,24,NL,0.3163,0.0171,0.2237,0.4207,0.0017,True,True
TimesFM-2.5-Uni-ZS,24,PL,0.2856,-0.0137,0.1912,0.3879,0.0014,True,True
TimesFM-2.5-Uni-ZS,24,PT,0.2956,-0.0036,0.1966,0.4038,0.0119,True,True
TimesFM-2.5-Uni-ZS,24,RO,0.2837,-0.0156,0.193,0.3896,0.0014,True,True
TimesFM-2.5-Uni-ZS,24,SI,0.2899,-0.0093,0.1944,0.3981,0.0083,True,True
TimesFM-2.5-Uni-ZS,24,SK,0.3043,0.0051,0.2062,0.4079,0.0063,True,True
TimesFM-2.5-Uni-ZS,168,AT,0.1261,-0.001,0.0559,0.2024,0.0041,True,False
TimesFM-2.5-Uni-ZS,168,BE,0.1299,0.0029,0.0595,0.2048,0.0028,True,False
TimesFM-2.5-Uni-ZS,168,BG,0.1397,0.0126,0.0736,0.2115,-0.0045,True,False
TimesFM-2.5-Uni-ZS,168,CH,0.1122,-0.0149,0.0488,0.1793,-0.0119,True,False
TimesFM-2.5-Uni-ZS,168,CZ,0.1299,0.0029,0.0588,0.203,0.0017,True,False
TimesFM-2.5-Uni-ZS,168,DE,0.1281,0.0011,0.057,0.2017,0.0023,True,False
TimesFM-2.5-Uni-ZS,168,ES,0.1096,-0.0175,0.0473,0.1776,-0.0122,True,False
TimesFM-2.5-Uni-ZS,168,FR,0.125,-0.0021,0.053,0.2002,0.0047,True,False
TimesFM-2.5-Uni-ZS,168,GR,0.1329,0.0059,0.0613,0.2059,0.0022,True,False
TimesFM-2.5-Uni-ZS,168,HR,0.1397,0.0127,0.0729,0.2077,-0.0076,True,False
TimesFM-2.5-Uni-ZS,168,HU,0.1292,0.0021,0.0593,0.2013,-0.0004,True,False
TimesFM-2.5-Uni-ZS,168,IT,0.1177,-0.0094,0.0514,0.1874,-0.0065,True,False
TimesFM-2.5-Uni-ZS,168,LU,0.1126,-0.0145,0.0489,0.1793,-0.012,True,False
TimesFM-2.5-Uni-ZS,168,NL,0.1325,0.0054,0.066,0.2023,-0.0062,True,False
TimesFM-2.5-Uni-ZS,168,PL,0.1306,0.0035,0.0634,0.2014,-0.0044,True,False
TimesFM-2.5-Uni-ZS,168,PT,0.1264,-0.0006,0.0588,0.1985,-0.0028,True,False
TimesFM-2.5-Uni-ZS,168,RO,0.1246,-0.0025,0.058,0.1963,-0.0042,True,False
TimesFM-2.5-Uni-ZS,168,SI,0.1289,0.0018,0.06,0.1994,-0.0031,True,False
TimesFM-2.5-Uni-ZS,168,SK,0.1386,0.0116,0.0742,0.2052,-0.0115,True,False
TimesFM-2.5-Uni-ZS,720,AT,0.24,-0.01,0.064,0.4462,0.0154,True,False
TimesFM-2.5-Uni-ZS,720,BE,0.2602,0.0102,0.0843,0.465,0.0138,True,False
TimesFM-2.5-Uni-ZS,720,BG,0.2517,0.0016,0.0757,0.4591,0.0164,True,False
TimesFM-2.5-Uni-ZS,720,CH,0.1873,-0.0628,0.0482,0.3356,-0.0794,True,False
TimesFM-2.5-Uni-ZS,720,CZ,0.2572,0.0072,0.077,0.4585,0.0146,True,False
TimesFM-2.5-Uni-ZS,720,DE,0.263,0.0129,0.0834,0.4651,0.0148,True,False
TimesFM-2.5-Uni-ZS,720,ES,0.2535,0.0034,0.0746,0.4554,0.0139,True,False
TimesFM-2.5-Uni-ZS,720,FR,0.2627,0.0126,0.0837,0.4608,0.0101,True,False
TimesFM-2.5-Uni-ZS,720,GR,0.2285,-0.0215,0.0493,0.4268,0.0106,True,False
TimesFM-2.5-Uni-ZS,720,HR,0.256,0.006,0.0705,0.4547,0.0172,True,False
TimesFM-2.5-Uni-ZS,720,HU,0.2753,0.0252,0.0913,0.4719,0.0138,True,False
TimesFM-2.5-Uni-ZS,720,IT,0.2327,-0.0173,0.0538,0.4389,0.0182,True,False
TimesFM-2.5-Uni-ZS,720,LU,0.2129,-0.0372,0.0426,0.4063,-0.0032,True,False
TimesFM-2.5-Uni-ZS,720,NL,0.2489,-0.0012,0.0613,0.452,0.0238,True,False
TimesFM-2.5-Uni-ZS,720,PL,0.2749,0.0248,0.099,0.4787,0.0128,True,False
TimesFM-2.5-Uni-ZS,720,PT,0.2428,-0.0073,0.0614,0.4486,0.0203,True,False
TimesFM-2.5-Uni-ZS,720,RO,0.2918,0.0417,0.133,0.4831,-0.0169,True,True
TimesFM-2.5-Uni-ZS,720,SI,0.2594,0.0093,0.0795,0.4612,0.0148,True,False
TimesFM-2.5-Uni-ZS,720,SK,0.2524,0.0023,0.073,0.4605,0.0207,True,False
