fm,horizon,lam,policy,budget,threshold,share_2024,share_2025,cc_share_2025,cc_fm_countries,ape_gain_pp,cost_gain_pp,cost_gain_lo,cost_gain_hi,verdict,breakeven_router_2024,breakeven_cc_2024
Chronos-2-Uni-ZS,1,0.0,router,0.9,0.035491,0.899914,0.896452,1.0,19,0.036938,0.036938,0.019249,0.057159,pos,1.672831,0.672662
Chronos-2-Uni-ZS,1,0.0,plugin,,0.0,,0.909432,1.0,19,0.037095,0.037095,0.019049,0.057377,pos,1.672831,0.672662
Chronos-2-Uni-ZS,1,0.05,router,0.9,0.035491,0.899914,0.896452,1.0,19,0.036938,0.042115,0.023775,0.063,pos,1.672831,0.672662
Chronos-2-Uni-ZS,1,0.05,plugin,,0.05,,0.886934,1.0,19,0.036869,0.042523,0.02419,0.063635,pos,1.672831,0.672662
Chronos-2-Uni-ZS,1,0.1,router,0.9,0.035491,0.899914,0.896452,0.947361,18,0.049629,0.05472,0.032089,0.078107,pos,1.672831,0.672662
Chronos-2-Uni-ZS,1,0.1,plugin,,0.1,,0.831843,0.947361,18,0.042189,0.05374,0.029257,0.080074,pos,1.672831,0.672662
Chronos-2-Uni-ZS,1,0.2,router,0.55,0.240547,0.550043,0.55437,0.894722,17,-0.009928,0.058142,0.013134,0.099239,pos,1.672831,0.672662
Chronos-2-Uni-ZS,1,0.2,plugin,,0.2,,0.644361,0.894722,17,0.016134,0.066206,0.02722,0.103522,pos,1.672831,0.672662
Chronos-2-Uni-ZS,1,0.5,router,0.15,0.615273,0.149986,0.171618,0.210412,4,0.111768,0.131165,0.078851,0.197283,pos,1.672831,0.672662
Chronos-2-Uni-ZS,1,0.5,plugin,,0.5,,0.226276,0.210412,4,0.148131,0.140199,0.090997,0.206966,pos,1.672831,0.672662
Chronos-2-Uni-ZS,1,1.0,router,0.1,0.748651,0.100086,0.128786,0.0,0,0.217898,0.089112,0.053074,0.130278,pos,1.672831,0.672662
Chronos-2-Uni-ZS,1,1.0,plugin,,1.0,,0.077156,0.0,0,0.16216,0.085004,0.055323,0.120336,pos,1.672831,0.672662
Chronos-2-Uni-ZS,24,0.0,router,0.9,-0.132973,0.899914,0.896885,1.0,19,0.213862,0.213862,0.141532,0.288859,pos,6.978046,1.65225
Chronos-2-Uni-ZS,24,0.0,plugin,,0.0,,0.820883,1.0,19,0.21258,0.21258,0.135373,0.293243,pos,6.978046,1.65225
Chronos-2-Uni-ZS,24,0.05,router,0.8,0.028211,0.799971,0.798385,0.947361,18,0.215024,0.222473,0.14555,0.304494,pos,6.978046,1.65225
Chronos-2-Uni-ZS,24,0.05,plugin,,0.05,,0.77805,0.947361,18,0.21058,0.219046,0.139853,0.299856,pos,6.978046,1.65225
Chronos-2-Uni-ZS,24,0.1,router,0.65,0.212738,0.649986,0.644361,0.947361,18,0.191091,0.221391,0.139859,0.30552,pos,6.978046,1.65225
Chronos-2-Uni-ZS,24,0.1,plugin,,0.1,,0.735939,0.947361,18,0.208488,0.229631,0.150999,0.310221,pos,6.978046,1.65225
Chronos-2-Uni-ZS,24,0.2,router,0.65,0.212738,0.649986,0.644361,0.947361,18,0.191091,0.251691,0.170515,0.337877,pos,6.978046,1.65225
Chronos-2-Uni-ZS,24,0.2,plugin,,0.2,,0.655177,0.947361,18,0.195132,0.253569,0.172923,0.338941,pos,6.978046,1.65225
Chronos-2-Uni-ZS,24,0.5,router,0.45,0.568551,0.449957,0.459331,0.789443,15,0.199178,0.364234,0.279765,0.458552,pos,6.978046,1.65225
Chronos-2-Uni-ZS,24,0.5,plugin,,0.5,,0.488895,0.789443,15,0.205731,0.356005,0.272472,0.44797,pos,6.978046,1.65225
Chronos-2-Uni-ZS,24,1.0,router,0.2,1.438085,0.200029,0.214595,0.210412,4,0.370414,0.366232,0.25824,0.486533,pos,6.978046,1.65225
Chronos-2-Uni-ZS,24,1.0,plugin,,1.0,,0.309201,0.210412,4,0.460332,0.361543,0.253881,0.483649,pos,6.978046,1.65225
Chronos-2-Uni-ZS,168,0.0,router,0.45,0.045903,0.449957,0.464445,0.105294,2,0.16859,0.16859,0.081319,0.268404,pos,2.262733,0.484312
Chronos-2-Uni-ZS,168,0.0,plugin,,0.0,,0.498053,0.105294,2,0.165952,0.165952,0.077215,0.264105,pos,2.262733,0.484312
Chronos-2-Uni-ZS,168,0.05,router,0.45,0.045903,0.449957,0.464445,0.105294,2,0.16859,0.150633,0.06639,0.247764,pos,2.262733,0.484312
Chronos-2-Uni-ZS,168,0.05,plugin,,0.05,,0.462282,0.105294,2,0.168608,0.150759,0.066584,0.246731,pos,2.262733,0.484312
Chronos-2-Uni-ZS,168,0.1,router,0.35,0.201284,0.350014,0.358719,0.052647,1,0.182771,0.152164,0.079674,0.229621,pos,2.262733,0.484312
Chronos-2-Uni-ZS,168,0.1,plugin,,0.1,,0.424924,0.052647,1,0.193737,0.156509,0.079067,0.24162,pos,2.262733,0.484312
Chronos-2-Uni-ZS,168,0.2,router,0.25,0.395191,0.250072,0.250108,0.052647,1,0.143282,0.10379,0.043742,0.168473,pos,2.262733,0.484312
Chronos-2-Uni-ZS,168,0.2,plugin,,0.2,,0.359008,0.052647,1,0.183002,0.12173,0.052701,0.194973,pos,2.262733,0.484312
Chronos-2-Uni-ZS,168,0.5,router,0.15,0.763158,0.149986,0.147699,0.0,0,0.140189,0.066339,0.003029,0.136696,pos,2.262733,0.484312
Chronos-2-Uni-ZS,168,0.5,plugin,,0.5,,0.211885,0.0,0,0.167354,0.061411,0.001786,0.128114,pos,2.262733,0.484312
Chronos-2-Uni-ZS,168,1.0,router,0.05,2.297442,0.050043,0.040387,0.0,0,0.063202,0.022816,-0.018258,0.064554,open,2.262733,0.484312
Chronos-2-Uni-ZS,168,1.0,plugin,,1.0,,0.113804,0.0,0,0.108848,-0.004955,-0.061194,0.056172,open,2.262733,0.484312
Chronos-2-Uni-ZS,720,0.0,router,0.2,0.721741,0.200029,0.201759,0.052639,1,0.26734,0.26734,0.117559,0.477756,pos,6.309903,2.781225
Chronos-2-Uni-ZS,720,0.0,plugin,,0.0,,0.328093,0.052639,1,0.241204,0.241204,0.05519,0.476814,pos,6.309903,2.781225
Chronos-2-Uni-ZS,720,0.05,router,0.2,0.721741,0.200029,0.201759,0.052639,1,0.26734,0.259884,0.108688,0.473056,pos,6.309903,2.781225
Chronos-2-Uni-ZS,720,0.05,plugin,,0.05,,0.320738,0.052639,1,0.245575,0.23217,0.04917,0.464083,pos,6.309903,2.781225
Chronos-2-Uni-ZS,720,0.1,router,0.2,0.721741,0.200029,0.201759,0.052639,1,0.26734,0.252428,0.100216,0.468057,pos,6.309903,2.781225
Chronos-2-Uni-ZS,720,0.1,plugin,,0.1,,0.312374,0.052639,1,0.251581,0.225607,0.040594,0.461344,pos,6.309903,2.781225
Chronos-2-Uni-ZS,720,0.2,router,0.2,0.721741,0.200029,0.201759,0.052639,1,0.26734,0.237516,0.083761,0.458071,pos,6.309903,2.781225
Chronos-2-Uni-ZS,720,0.2,plugin,,0.2,,0.293337,0.052639,1,0.253259,0.205119,0.017837,0.4467,pos,6.309903,2.781225
Chronos-2-Uni-ZS,720,0.5,router,0.15,1.140336,0.149986,0.150851,0.052639,1,0.270922,0.221816,0.081743,0.442174,pos,6.309903,2.781225
Chronos-2-Uni-ZS,720,0.5,plugin,,0.5,,0.234208,0.052639,1,0.266496,0.175712,0.001856,0.420268,pos,6.309903,2.781225
Chronos-2-Uni-ZS,720,1.0,router,0.1,1.773928,0.100086,0.101673,0.052639,1,0.257331,0.208297,0.059844,0.459609,pos,6.309903,2.781225
Chronos-2-Uni-ZS,720,1.0,plugin,,1.0,,0.165849,0.052639,1,0.281751,0.168541,0.015871,0.412009,pos,6.309903,2.781225
TimesFM-2.5-Uni-ZS,1,0.0,router,0.95,-0.032585,0.949957,0.956302,1.0,19,0.025842,0.025842,0.01473,0.037204,pos,1.69019,0.720028
TimesFM-2.5-Uni-ZS,1,0.0,plugin,,0.0,,0.937987,1.0,19,0.026319,0.026319,0.016164,0.036656,pos,1.69019,0.720028
TimesFM-2.5-Uni-ZS,1,0.05,router,0.9,0.042219,0.899914,0.904096,1.0,19,0.021605,0.0264,0.016191,0.037418,pos,1.69019,0.720028
TimesFM-2.5-Uni-ZS,1,0.05,plugin,,0.05,,0.896308,1.0,19,0.02113,0.026315,0.015185,0.038288,pos,1.69019,0.720028
TimesFM-2.5-Uni-ZS,1,0.1,router,0.9,0.042219,0.899914,0.904096,1.0,19,0.021605,0.031195,0.020177,0.043012,pos,1.69019,0.720028
TimesFM-2.5-Uni-ZS,1,0.1,plugin,,0.1,,0.835737,1.0,19,0.006728,0.023154,0.011117,0.036613,pos,1.69019,0.720028
TimesFM-2.5-Uni-ZS,1,0.2,router,0.7,0.171734,0.700029,0.707384,0.947361,18,-0.01916,0.028835,0.005173,0.052832,pos,1.69019,0.720028
TimesFM-2.5-Uni-ZS,1,0.2,plugin,,0.2,,0.653158,0.947361,18,-0.030291,0.02855,0.005075,0.053642,pos,1.69019,0.720028
TimesFM-2.5-Uni-ZS,1,0.5,router,0.25,0.439739,0.250072,0.280358,0.210412,4,0.151695,0.116723,0.069847,0.17661,pos,1.69019,0.720028
TimesFM-2.5-Uni-ZS,1,0.5,plugin,,0.5,,0.22844,0.210412,4,0.126385,0.117372,0.075468,0.173272,pos,1.69019,0.720028
TimesFM-2.5-Uni-ZS,1,1.0,router,0.05,0.929543,0.050043,0.073551,0.0,0,0.125473,0.051922,0.030243,0.082702,pos,1.69019,0.720028
TimesFM-2.5-Uni-ZS,1,1.0,plugin,,1.0,,0.0636,0.0,0,0.118523,0.054923,0.035288,0.081366,pos,1.69019,0.720028
TimesFM-2.5-Uni-ZS,24,0.0,router,0.5,0.098284,0.5,0.502884,0.789443,15,0.299224,0.299224,0.207801,0.403569,pos,6.185541,1.20935
TimesFM-2.5-Uni-ZS,24,0.0,plugin,,0.0,,0.565186,0.789443,15,0.285262,0.285262,0.19909,0.38493,pos,6.185541,1.20935
TimesFM-2.5-Uni-ZS,24,0.05,router,0.45,0.189239,0.449957,0.455437,0.736804,14,0.303429,0.317497,0.221205,0.426429,pos,6.185541,1.20935
TimesFM-2.5-Uni-ZS,24,0.05,plugin,,0.05,,0.531295,0.736804,14,0.300955,0.311231,0.220894,0.416039,pos,6.185541,1.20935
TimesFM-2.5-Uni-ZS,24,0.1,router,0.45,0.189239,0.449957,0.455437,0.578887,11,0.320709,0.333054,0.238015,0.444313,pos,6.185541,1.20935
TimesFM-2.5-Uni-ZS,24,0.1,plugin,,0.1,,0.502452,0.578887,11,0.327019,0.334663,0.242446,0.437289,pos,6.185541,1.20935
TimesFM-2.5-Uni-ZS,24,0.2,router,0.4,0.298334,0.400058,0.406403,0.420969,8,0.353569,0.356482,0.251712,0.471358,pos,6.185541,1.20935
TimesFM-2.5-Uni-ZS,24,0.2,plugin,,0.2,,0.450389,0.420969,8,0.357541,0.351657,0.250058,0.471032,pos,6.185541,1.20935
TimesFM-2.5-Uni-ZS,24,0.5,router,0.2,1.053441,0.200029,0.208393,0.157773,3,0.380169,0.354859,0.246159,0.473506,pos,6.185541,1.20935
TimesFM-2.5-Uni-ZS,24,0.5,plugin,,0.5,,0.330834,0.157773,3,0.42266,0.33613,0.230969,0.451717,pos,6.185541,1.20935
TimesFM-2.5-Uni-ZS,24,1.0,router,0.15,1.436975,0.149986,0.158062,0.052639,1,0.405296,0.299873,0.21036,0.401356,pos,6.185541,1.20935
TimesFM-2.5-Uni-ZS,24,1.0,plugin,,1.0,,0.217191,0.052639,1,0.466623,0.302072,0.214096,0.404933,pos,6.185541,1.20935
TimesFM-2.5-Uni-ZS,168,0.0,router,0.1,0.939161,0.100086,0.096062,0.0,0,0.127071,0.127071,0.061199,0.198371,pos,1.19397,0.0
TimesFM-2.5-Uni-ZS,168,0.0,plugin,,0.0,,0.33391,0.0,0,0.191122,0.191122,0.097234,0.299691,pos,1.19397,0.0
TimesFM-2.5-Uni-ZS,168,0.05,router,0.1,0.939161,0.100086,0.096062,0.0,0,0.127071,0.122267,0.056696,0.193366,pos,1.19397,0.0
TimesFM-2.5-Uni-ZS,168,0.05,plugin,,0.05,,0.310688,0.0,0,0.195536,0.180002,0.085684,0.28567,pos,1.19397,0.0
TimesFM-2.5-Uni-ZS,168,0.1,router,0.1,0.939161,0.100086,0.096062,0.0,0,0.127071,0.117464,0.0522,0.188065,pos,1.19397,0.0
TimesFM-2.5-Uni-ZS,168,0.1,plugin,,0.1,,0.289197,0.0,0,0.193354,0.164435,0.078219,0.257145,pos,1.19397,0.0
TimesFM-2.5-Uni-ZS,168,0.2,router,0.1,0.939161,0.100086,0.096062,0.0,0,0.127071,0.107858,0.043342,0.177787,pos,1.19397,0.0
TimesFM-2.5-Uni-ZS,168,0.2,plugin,,0.2,,0.242896,0.0,0,0.197395,0.148815,0.058563,0.247315,pos,1.19397,0.0
TimesFM-2.5-Uni-ZS,168,0.5,router,0.1,0.939161,0.100086,0.096062,0.0,0,0.127071,0.079039,0.016825,0.147559,pos,1.19397,0.0
TimesFM-2.5-Uni-ZS,168,0.5,plugin,,0.5,,0.162267,0.0,0,0.160255,0.079122,0.0011,0.154996,pos,1.19397,0.0
TimesFM-2.5-Uni-ZS,168,1.0,router,0.05,2.109844,0.050043,0.041252,0.0,0,0.079267,0.038015,-0.016326,0.094727,open,1.19397,0.0
TimesFM-2.5-Uni-ZS,168,1.0,plugin,,1.0,,0.090437,0.0,0,0.130206,0.039769,-0.01556,0.101909,open,1.19397,0.0
TimesFM-2.5-Uni-ZS,720,0.0,router,0.25,0.469843,0.250072,0.253678,0.052639,1,0.250061,0.250061,0.0748,0.456204,pos,4.915467,1.70906
TimesFM-2.5-Uni-ZS,720,0.0,plugin,,0.0,,0.346121,0.052639,1,0.22953,0.22953,0.009851,0.477507,pos,4.915467,1.70906
TimesFM-2.5-Uni-ZS,720,0.05,router,0.25,0.469843,0.250072,0.253678,0.052639,1,0.250061,0.240009,0.063518,0.446082,pos,4.915467,1.70906
TimesFM-2.5-Uni-ZS,720,0.05,plugin,,0.05,,0.335449,0.052639,1,0.230329,0.216189,0.00442,0.461599,pos,4.915467,1.70906
TimesFM-2.5-Uni-ZS,720,0.1,router,0.25,0.469843,0.250072,0.253678,0.052639,1,0.250061,0.229957,0.052925,0.436003,pos,4.915467,1.70906
TimesFM-2.5-Uni-ZS,720,0.1,plugin,,0.1,,0.326074,0.052639,1,0.2324,0.205056,-0.002955,0.44413,open,4.915467,1.70906
TimesFM-2.5-Uni-ZS,720,0.2,router,0.15,1.191113,0.149986,0.150995,0.052639,1,0.238229,0.218558,0.078423,0.383812,pos,4.915467,1.70906
TimesFM-2.5-Uni-ZS,720,0.2,plugin,,0.2,,0.305019,0.052639,1,0.243301,0.192825,-0.01783,0.427378,open,4.915467,1.70906
TimesFM-2.5-Uni-ZS,720,0.5,router,0.15,1.191113,0.149986,0.150995,0.052639,1,0.238229,0.189051,0.049095,0.358955,pos,4.915467,1.70906
TimesFM-2.5-Uni-ZS,720,0.5,plugin,,0.5,,0.249351,0.052639,1,0.255851,0.157495,-0.025017,0.362976,open,4.915467,1.70906
TimesFM-2.5-Uni-ZS,720,1.0,router,0.1,1.827448,0.100086,0.097635,0.052639,1,0.185808,0.140812,0.00768,0.312967,pos,4.915467,1.70906
TimesFM-2.5-Uni-ZS,720,1.0,plugin,,1.0,,0.173781,0.052639,1,0.246926,0.125784,-0.023126,0.311451,open,4.915467,1.70906
