policy,lam,median_cost_gain_pp,n_pos,n_neg,median_share_2025,median_cc_share_2025
plugin,0.0,0.201851,8,0,0.5316195,0.4473685
plugin,0.05,0.19809549999999998,8,0,0.49678849999999997,0.421049
plugin,0.1,0.1847455,7,0,0.463688,0.315767
plugin,0.2,0.17082,7,0,0.40469849999999996,0.236808
plugin,0.5,0.148847,7,0,0.231324,0.105206
plugin,1.0,0.105394,5,0,0.1398265,0.0263195
router,0.0,0.191226,8,0,0.4836645,0.4473685
router,0.05,0.186553,8,0,0.459941,0.421049
router,0.1,0.18677749999999999,8,0,0.407078,0.315767
router,0.2,0.163208,8,0,0.32825550000000003,0.236808
router,0.5,0.160108,8,0,0.1613065,0.105206
router,1.0,0.114962,6,0,0.09965399999999999,0.0263195
