fm,horizon,country,n_requests,cc_static,router_cc,router_over_cc_pp
Chronos-2-Uni-ZS,1,AT,365,1.1426,1.1426,0.0
Chronos-2-Uni-ZS,1,BE,365,1.3164,1.3164,0.0
Chronos-2-Uni-ZS,1,BG,365,1.0834,1.0834,0.0
Chronos-2-Uni-ZS,1,CH,365,4.3531,4.3531,0.0
Chronos-2-Uni-ZS,1,CZ,365,0.9034,0.9034,0.0
Chronos-2-Uni-ZS,1,DE,365,0.9698,0.9698,0.0
Chronos-2-Uni-ZS,1,ES,365,1.025,1.025,0.0
Chronos-2-Uni-ZS,1,FR,365,0.8276,0.8276,0.0
Chronos-2-Uni-ZS,1,GR,365,1.0078,1.0078,0.0
Chronos-2-Uni-ZS,1,HR,365,1.2925,1.2925,0.0
Chronos-2-Uni-ZS,1,HU,365,1.0507,1.0507,0.0
Chronos-2-Uni-ZS,1,IT,365,1.1445,1.1445,0.0
Chronos-2-Uni-ZS,1,LU,365,0.9631,0.9631,0.0
Chronos-2-Uni-ZS,1,NL,365,0.8712,0.8712,0.0
Chronos-2-Uni-ZS,1,PL,365,1.0136,1.0136,0.0
Chronos-2-Uni-ZS,1,PT,365,1.2037,1.2037,0.0
Chronos-2-Uni-ZS,1,RO,365,1.1838,1.1838,0.0
Chronos-2-Uni-ZS,1,SI,364,2.1822,2.1822,0.0
Chronos-2-Uni-ZS,1,SK,365,0.9149,0.9149,0.0
Chronos-2-Uni-ZS,24,AT,365,3.8014,3.5796,0.2218
Chronos-2-Uni-ZS,24,BE,365,3.1408,3.1679,-0.0271
Chronos-2-Uni-ZS,24,BG,365,3.5381,3.4841,0.054
Chronos-2-Uni-ZS,24,CH,365,6.5493,6.6166,-0.0673
Chronos-2-Uni-ZS,24,CZ,365,2.3609,2.2946,0.0662
Chronos-2-Uni-ZS,24,DE,365,2.9219,2.7443,0.1776
Chronos-2-Uni-ZS,24,ES,365,2.8874,2.9777,-0.0903
Chronos-2-Uni-ZS,24,FR,365,2.8904,2.8282,0.0622
Chronos-2-Uni-ZS,24,GR,365,3.3248,3.0611,0.2638
Chronos-2-Uni-ZS,24,HR,365,4.0931,3.8934,0.1997
Chronos-2-Uni-ZS,24,HU,365,4.2757,4.1608,0.1149
Chronos-2-Uni-ZS,24,IT,365,3.2018,2.9215,0.2803
Chronos-2-Uni-ZS,24,LU,365,3.1589,3.0214,0.1375
Chronos-2-Uni-ZS,24,NL,365,2.4587,2.5266,-0.0679
Chronos-2-Uni-ZS,24,PL,365,2.9877,2.6457,0.342
Chronos-2-Uni-ZS,24,PT,365,3.2444,3.0365,0.2078
Chronos-2-Uni-ZS,24,RO,365,4.2572,3.9308,0.3264
Chronos-2-Uni-ZS,24,SI,364,5.5183,5.4732,0.0451
Chronos-2-Uni-ZS,24,SK,365,2.7657,2.6991,0.0666
Chronos-2-Uni-ZS,168,AT,365,5.2941,4.7898,0.5044
Chronos-2-Uni-ZS,168,BE,365,4.6353,4.4552,0.1801
Chronos-2-Uni-ZS,168,BG,365,7.2702,7.8187,-0.5485
Chronos-2-Uni-ZS,168,CH,365,8.0432,8.1858,-0.1426
Chronos-2-Uni-ZS,168,CZ,365,4.3216,4.4433,-0.1217
Chronos-2-Uni-ZS,168,DE,365,3.8739,3.7194,0.1545
Chronos-2-Uni-ZS,168,ES,365,4.9723,4.9808,-0.0085
Chronos-2-Uni-ZS,168,FR,365,6.4712,6.6026,-0.1314
Chronos-2-Uni-ZS,168,GR,365,6.8193,7.0674,-0.2482
Chronos-2-Uni-ZS,168,HR,365,6.7703,6.9999,-0.2296
Chronos-2-Uni-ZS,168,HU,365,6.3903,6.2108,0.1795
Chronos-2-Uni-ZS,168,IT,365,5.6179,5.4652,0.1527
Chronos-2-Uni-ZS,168,LU,365,4.7155,4.4648,0.2506
Chronos-2-Uni-ZS,168,NL,365,3.4874,3.5221,-0.0346
Chronos-2-Uni-ZS,168,PL,365,4.0026,4.0212,-0.0186
Chronos-2-Uni-ZS,168,PT,365,4.9495,4.9115,0.038
Chronos-2-Uni-ZS,168,RO,365,6.0733,6.079,-0.0057
Chronos-2-Uni-ZS,168,SI,363,8.871,8.8155,0.0555
Chronos-2-Uni-ZS,168,SK,365,4.2778,4.4209,-0.1431
Chronos-2-Uni-ZS,720,AT,365,6.4332,6.5146,-0.0814
Chronos-2-Uni-ZS,720,BE,365,5.52,5.5454,-0.0254
Chronos-2-Uni-ZS,720,BG,365,10.0815,10.0815,0.0
Chronos-2-Uni-ZS,720,CH,365,10.6123,9.7353,0.877
Chronos-2-Uni-ZS,720,CZ,365,6.0193,6.0193,0.0
Chronos-2-Uni-ZS,720,DE,365,4.7257,4.811,-0.0854
Chronos-2-Uni-ZS,720,ES,365,6.8893,6.8865,0.0027
Chronos-2-Uni-ZS,720,FR,365,7.2506,7.2506,0.0
Chronos-2-Uni-ZS,720,GR,365,9.7799,9.7799,0.0
Chronos-2-Uni-ZS,720,HR,365,8.1132,8.1068,0.0063
Chronos-2-Uni-ZS,720,HU,365,7.5544,7.5544,0.0
Chronos-2-Uni-ZS,720,IT,365,8.7191,8.7184,0.0007
Chronos-2-Uni-ZS,720,LU,365,8.0688,7.6652,0.4036
Chronos-2-Uni-ZS,720,NL,365,5.7418,5.7728,-0.031
Chronos-2-Uni-ZS,720,PL,365,5.04,5.0688,-0.0288
Chronos-2-Uni-ZS,720,PT,365,6.2812,6.2812,0.0
Chronos-2-Uni-ZS,720,RO,365,6.5429,6.611,-0.0681
Chronos-2-Uni-ZS,720,SI,364,11.327,11.4128,-0.0858
Chronos-2-Uni-ZS,720,SK,365,5.8234,5.9553,-0.1319
TimesFM-2.5-Uni-ZS,1,AT,365,1.2473,1.2473,0.0
TimesFM-2.5-Uni-ZS,1,BE,365,1.2935,1.2935,0.0
TimesFM-2.5-Uni-ZS,1,BG,365,1.119,1.119,0.0
TimesFM-2.5-Uni-ZS,1,CH,365,4.4447,4.4447,0.0
TimesFM-2.5-Uni-ZS,1,CZ,365,0.8971,0.8971,0.0
TimesFM-2.5-Uni-ZS,1,DE,365,0.9711,0.9711,0.0
TimesFM-2.5-Uni-ZS,1,ES,365,0.9193,0.9193,0.0
TimesFM-2.5-Uni-ZS,1,FR,365,0.8321,0.8321,0.0
TimesFM-2.5-Uni-ZS,1,GR,365,0.9727,0.9727,0.0
TimesFM-2.5-Uni-ZS,1,HR,365,1.2658,1.2658,0.0
TimesFM-2.5-Uni-ZS,1,HU,365,1.1523,1.1523,0.0
TimesFM-2.5-Uni-ZS,1,IT,365,1.0829,1.0829,0.0
TimesFM-2.5-Uni-ZS,1,LU,365,1.0019,1.0019,0.0
TimesFM-2.5-Uni-ZS,1,NL,365,0.8509,0.8509,0.0
TimesFM-2.5-Uni-ZS,1,PL,365,1.0168,1.0168,0.0
TimesFM-2.5-Uni-ZS,1,PT,365,1.1146,1.1146,0.0
TimesFM-2.5-Uni-ZS,1,RO,365,1.1348,1.1348,0.0
TimesFM-2.5-Uni-ZS,1,SI,364,2.228,2.228,0.0
TimesFM-2.5-Uni-ZS,1,SK,365,1.0594,1.0594,0.0
TimesFM-2.5-Uni-ZS,24,AT,365,4.2235,4.085,0.1385
TimesFM-2.5-Uni-ZS,24,BE,365,3.4337,3.4055,0.0282
TimesFM-2.5-Uni-ZS,24,BG,365,3.969,3.879,0.0899
TimesFM-2.5-Uni-ZS,24,CH,365,6.808,6.8656,-0.0576
TimesFM-2.5-Uni-ZS,24,CZ,365,2.6486,2.5704,0.0782
TimesFM-2.5-Uni-ZS,24,DE,365,3.2278,3.0175,0.2104
TimesFM-2.5-Uni-ZS,24,ES,365,3.3586,3.3972,-0.0387
TimesFM-2.5-Uni-ZS,24,FR,365,3.238,3.221,0.017
TimesFM-2.5-Uni-ZS,24,GR,365,3.3831,3.2445,0.1386
TimesFM-2.5-Uni-ZS,24,HR,365,4.1913,4.286,-0.0947
TimesFM-2.5-Uni-ZS,24,HU,365,4.7706,4.7217,0.0488
TimesFM-2.5-Uni-ZS,24,IT,365,4.1003,3.5484,0.5519
TimesFM-2.5-Uni-ZS,24,LU,365,3.4868,3.2546,0.2322
TimesFM-2.5-Uni-ZS,24,NL,365,2.621,2.7448,-0.1239
TimesFM-2.5-Uni-ZS,24,PL,365,3.3901,2.9706,0.4196
TimesFM-2.5-Uni-ZS,24,PT,365,3.6342,3.5031,0.1312
TimesFM-2.5-Uni-ZS,24,RO,365,4.5108,4.133,0.3778
TimesFM-2.5-Uni-ZS,24,SI,364,6.4084,6.1826,0.2258
TimesFM-2.5-Uni-ZS,24,SK,365,3.122,3.0392,0.0827
TimesFM-2.5-Uni-ZS,168,AT,365,5.2941,5.2941,0.0
TimesFM-2.5-Uni-ZS,168,BE,365,4.6353,4.6353,0.0
TimesFM-2.5-Uni-ZS,168,BG,365,7.2702,7.2702,0.0
TimesFM-2.5-Uni-ZS,168,CH,365,9.0808,9.0808,0.0
TimesFM-2.5-Uni-ZS,168,CZ,365,4.3216,4.3216,0.0
TimesFM-2.5-Uni-ZS,168,DE,365,3.8739,3.8739,0.0
TimesFM-2.5-Uni-ZS,168,ES,365,4.9723,4.9723,0.0
TimesFM-2.5-Uni-ZS,168,FR,365,6.4712,6.4712,0.0
TimesFM-2.5-Uni-ZS,168,GR,365,6.8193,6.8193,0.0
TimesFM-2.5-Uni-ZS,168,HR,365,6.7703,6.7703,0.0
TimesFM-2.5-Uni-ZS,168,HU,365,6.3903,6.3903,0.0
TimesFM-2.5-Uni-ZS,168,IT,365,5.6179,5.6179,0.0
TimesFM-2.5-Uni-ZS,168,LU,365,4.7155,4.7155,0.0
TimesFM-2.5-Uni-ZS,168,NL,365,3.8835,3.8835,0.0
TimesFM-2.5-Uni-ZS,168,PL,365,4.0026,4.0026,0.0
TimesFM-2.5-Uni-ZS,168,PT,365,4.9495,4.9495,0.0
TimesFM-2.5-Uni-ZS,168,RO,365,6.0733,6.0733,0.0
TimesFM-2.5-Uni-ZS,168,SI,363,8.871,8.871,0.0
TimesFM-2.5-Uni-ZS,168,SK,365,4.2778,4.2778,0.0
TimesFM-2.5-Uni-ZS,720,AT,365,6.4332,6.4332,0.0
TimesFM-2.5-Uni-ZS,720,BE,365,5.52,5.52,0.0
TimesFM-2.5-Uni-ZS,720,BG,365,10.0815,10.0815,0.0
TimesFM-2.5-Uni-ZS,720,CH,365,10.6123,10.3195,0.2929
TimesFM-2.5-Uni-ZS,720,CZ,365,6.0193,6.0193,0.0
TimesFM-2.5-Uni-ZS,720,DE,365,4.7257,4.7683,-0.0426
TimesFM-2.5-Uni-ZS,720,ES,365,6.8893,6.8893,0.0
TimesFM-2.5-Uni-ZS,720,FR,365,7.2506,7.2506,0.0
TimesFM-2.5-Uni-ZS,720,GR,365,9.7799,9.7799,0.0
TimesFM-2.5-Uni-ZS,720,HR,365,8.1132,8.1132,0.0
TimesFM-2.5-Uni-ZS,720,HU,365,7.5544,7.5544,0.0
TimesFM-2.5-Uni-ZS,720,IT,365,8.7191,8.7191,0.0
TimesFM-2.5-Uni-ZS,720,LU,365,7.2799,7.027,0.2529
TimesFM-2.5-Uni-ZS,720,NL,365,5.7418,5.7329,0.0089
TimesFM-2.5-Uni-ZS,720,PL,365,5.04,5.0141,0.0259
TimesFM-2.5-Uni-ZS,720,PT,365,6.2812,6.2812,0.0
TimesFM-2.5-Uni-ZS,720,RO,365,6.5429,6.5429,0.0
TimesFM-2.5-Uni-ZS,720,SI,364,11.327,11.327,0.0
TimesFM-2.5-Uni-ZS,720,SK,365,5.8234,5.8234,0.0
