fm,horizon,target_frac,realized_frac,pooled_mean_ape,j_per_request_b1,j_per_request_b32,j_per_request_b1_loaded,j_per_request_b32_loaded,is_deployed
Chronos-2-Uni-ZS,1,0.0,0.0,1.7506,0.0,0.0,0.0,0.0,False
Chronos-2-Uni-ZS,1,0.05,0.075,1.5891,0.1172,0.0371,0.0516,0.03,False
Chronos-2-Uni-ZS,1,0.1,0.1288,1.5327,0.2012,0.0636,0.0886,0.0515,False
Chronos-2-Uni-ZS,1,0.15,0.1716,1.4974,0.2681,0.0848,0.1181,0.0686,False
Chronos-2-Uni-ZS,1,0.2,0.2207,1.4627,0.3447,0.109,0.1519,0.0883,False
Chronos-2-Uni-ZS,1,0.25,0.2691,1.4372,0.4205,0.133,0.1852,0.1076,False
Chronos-2-Uni-ZS,1,0.3,0.3167,1.4088,0.4948,0.1565,0.218,0.1267,False
Chronos-2-Uni-ZS,1,0.35,0.3639,1.3869,0.5685,0.1798,0.2504,0.1455,False
Chronos-2-Uni-ZS,1,0.4,0.4152,1.3677,0.6487,0.2052,0.2858,0.1661,False
Chronos-2-Uni-ZS,1,0.45,0.4556,1.3521,0.7118,0.2251,0.3136,0.1822,False
Chronos-2-Uni-ZS,1,0.5,0.5055,1.3387,0.7898,0.2498,0.3479,0.2022,False
Chronos-2-Uni-ZS,1,0.55,0.5544,1.3229,0.8661,0.2739,0.3816,0.2217,False
Chronos-2-Uni-ZS,1,0.6,0.6034,1.3107,0.9428,0.2981,0.4153,0.2414,False
Chronos-2-Uni-ZS,1,0.65,0.6594,1.2943,1.0302,0.3258,0.4538,0.2637,False
Chronos-2-Uni-ZS,1,0.7,0.7025,1.2857,1.0976,0.3471,0.4835,0.281,False
Chronos-2-Uni-ZS,1,0.75,0.7479,1.2743,1.1685,0.3695,0.5148,0.2992,False
Chronos-2-Uni-ZS,1,0.8,0.7961,1.2604,1.2438,0.3933,0.5479,0.3184,False
Chronos-2-Uni-ZS,1,0.85,0.8494,1.2543,1.3272,0.4197,0.5847,0.3398,False
Chronos-2-Uni-ZS,1,0.9,0.8965,1.2497,1.4006,0.4429,0.617,0.3586,True
Chronos-2-Uni-ZS,1,0.95,0.9469,1.2479,1.4795,0.4679,0.6518,0.3788,False
Chronos-2-Uni-ZS,1,1.0,1.0,1.2867,1.5624,0.4941,0.6883,0.4,False
Chronos-2-Uni-ZS,24,0.0,0.0,4.2374,0.0,0.0,0.0,0.0,False
Chronos-2-Uni-ZS,24,0.05,0.0539,3.9189,0.0862,0.0268,0.0378,0.0217,False
Chronos-2-Uni-ZS,24,0.1,0.1061,3.7775,0.1696,0.0528,0.0744,0.0427,False
Chronos-2-Uni-ZS,24,0.15,0.1646,3.666,0.263,0.0818,0.1153,0.0661,False
Chronos-2-Uni-ZS,24,0.2,0.2146,3.6037,0.343,0.1067,0.1503,0.0863,False
Chronos-2-Uni-ZS,24,0.25,0.2645,3.5573,0.4227,0.1315,0.1853,0.1063,False
Chronos-2-Uni-ZS,24,0.3,0.3122,3.5106,0.499,0.1552,0.2187,0.1255,False
Chronos-2-Uni-ZS,24,0.35,0.3646,3.4558,0.5827,0.1813,0.2554,0.1466,False
Chronos-2-Uni-ZS,24,0.4,0.419,3.4226,0.6696,0.2083,0.2935,0.1684,False
Chronos-2-Uni-ZS,24,0.45,0.4593,3.4069,0.7341,0.2284,0.3218,0.1847,False
Chronos-2-Uni-ZS,24,0.5,0.503,3.394,0.804,0.2501,0.3524,0.2022,False
Chronos-2-Uni-ZS,24,0.55,0.5483,3.3736,0.8764,0.2726,0.3841,0.2204,False
Chronos-2-Uni-ZS,24,0.6,0.5968,3.3644,0.9538,0.2967,0.418,0.2399,False
Chronos-2-Uni-ZS,24,0.65,0.6444,3.3578,1.0299,0.3204,0.4514,0.259,False
Chronos-2-Uni-ZS,24,0.7,0.6958,3.3467,1.1122,0.346,0.4874,0.2797,False
Chronos-2-Uni-ZS,24,0.75,0.7463,3.3419,1.1928,0.3711,0.5228,0.3,False
Chronos-2-Uni-ZS,24,0.8,0.7984,3.3339,1.2761,0.397,0.5593,0.321,False
Chronos-2-Uni-ZS,24,0.85,0.8474,3.3335,1.3544,0.4213,0.5936,0.3407,False
Chronos-2-Uni-ZS,24,0.9,0.8969,3.332,1.4335,0.4459,0.6283,0.3605,True
Chronos-2-Uni-ZS,24,0.95,0.9466,3.3334,1.513,0.4707,0.6631,0.3805,False
Chronos-2-Uni-ZS,24,1.0,1.0,3.5458,1.5983,0.4972,0.7005,0.402,False
Chronos-2-Uni-ZS,168,0.0,0.0,5.6986,0.0,0.0,0.0,0.0,False
Chronos-2-Uni-ZS,168,0.05,0.0404,5.6354,0.0736,0.0216,0.0294,0.0173,False
Chronos-2-Uni-ZS,168,0.1,0.0951,5.6159,0.1733,0.0508,0.0693,0.0408,False
Chronos-2-Uni-ZS,168,0.15,0.1477,5.5584,0.2693,0.079,0.1077,0.0633,False
Chronos-2-Uni-ZS,168,0.2,0.1989,5.5341,0.3627,0.1064,0.145,0.0853,False
Chronos-2-Uni-ZS,168,0.25,0.2501,5.5007,0.456,0.1337,0.1823,0.1073,False
Chronos-2-Uni-ZS,168,0.3,0.3054,5.4827,0.5568,0.1633,0.2226,0.131,False
Chronos-2-Uni-ZS,168,0.35,0.3587,5.4612,0.6541,0.1918,0.2615,0.1539,False
Chronos-2-Uni-ZS,168,0.4,0.4076,5.4486,0.7432,0.218,0.2972,0.1748,False
Chronos-2-Uni-ZS,168,0.45,0.4644,5.4545,0.8469,0.2483,0.3386,0.1992,True
Chronos-2-Uni-ZS,168,0.5,0.5119,5.4588,0.9334,0.2737,0.3732,0.2196,False
Chronos-2-Uni-ZS,168,0.55,0.5608,5.4602,1.0226,0.2999,0.4088,0.2405,False
Chronos-2-Uni-ZS,168,0.6,0.6127,5.4638,1.1172,0.3276,0.4467,0.2628,False
Chronos-2-Uni-ZS,168,0.65,0.6589,5.4611,1.2014,0.3523,0.4803,0.2826,False
Chronos-2-Uni-ZS,168,0.7,0.7073,5.471,1.2898,0.3782,0.5157,0.3034,False
Chronos-2-Uni-ZS,168,0.75,0.7457,5.4969,1.3597,0.3987,0.5436,0.3198,False
Chronos-2-Uni-ZS,168,0.8,0.8025,5.5105,1.4633,0.4291,0.5851,0.3442,False
Chronos-2-Uni-ZS,168,0.85,0.8523,5.5269,1.5541,0.4557,0.6213,0.3656,False
Chronos-2-Uni-ZS,168,0.9,0.9029,5.5712,1.6464,0.4828,0.6582,0.3873,False
Chronos-2-Uni-ZS,168,0.95,0.9544,5.6125,1.7403,0.5103,0.6958,0.4094,False
Chronos-2-Uni-ZS,168,1.0,1.0,5.9331,1.8234,0.5347,0.729,0.4289,False
Chronos-2-Uni-ZS,720,0.0,0.0,7.4804,0.0,0.0,0.0,0.0,False
Chronos-2-Uni-ZS,720,0.05,0.0459,7.2141,0.1213,0.0303,0.0365,0.0238,False
Chronos-2-Uni-ZS,720,0.1,0.1017,7.1381,0.2688,0.0672,0.0809,0.0527,False
Chronos-2-Uni-ZS,720,0.15,0.1509,7.1245,0.3989,0.0997,0.1201,0.0782,False
Chronos-2-Uni-ZS,720,0.2,0.2018,7.1281,0.5335,0.1334,0.1606,0.1046,True
Chronos-2-Uni-ZS,720,0.25,0.2442,7.1411,0.6456,0.1614,0.1943,0.1266,False
Chronos-2-Uni-ZS,720,0.3,0.2998,7.1464,0.7928,0.1982,0.2386,0.1555,False
Chronos-2-Uni-ZS,720,0.35,0.3445,7.1625,0.911,0.2277,0.2742,0.1787,False
Chronos-2-Uni-ZS,720,0.4,0.3937,7.2001,1.041,0.2602,0.3134,0.2042,False
Chronos-2-Uni-ZS,720,0.45,0.4406,7.2516,1.1649,0.2912,0.3507,0.2285,False
Chronos-2-Uni-ZS,720,0.5,0.4948,7.3301,1.3083,0.3271,0.3938,0.2566,False
Chronos-2-Uni-ZS,720,0.55,0.5499,7.4001,1.454,0.3635,0.4377,0.2852,False
Chronos-2-Uni-ZS,720,0.6,0.5917,7.4742,1.5646,0.3911,0.471,0.3069,False
Chronos-2-Uni-ZS,720,0.65,0.6487,7.6222,1.7152,0.4288,0.5163,0.3364,False
Chronos-2-Uni-ZS,720,0.7,0.6969,7.7453,1.8426,0.4606,0.5546,0.3614,False
Chronos-2-Uni-ZS,720,0.75,0.7431,7.8816,1.965,0.4912,0.5915,0.3854,False
Chronos-2-Uni-ZS,720,0.8,0.7987,8.0645,2.1118,0.5279,0.6357,0.4142,False
Chronos-2-Uni-ZS,720,0.85,0.8441,8.2676,2.2319,0.558,0.6718,0.4378,False
Chronos-2-Uni-ZS,720,0.9,0.8962,8.4979,2.3695,0.5924,0.7133,0.4648,False
Chronos-2-Uni-ZS,720,0.95,0.9484,8.8724,2.5076,0.6269,0.7548,0.4918,False
Chronos-2-Uni-ZS,720,1.0,1.0,9.572,2.6441,0.661,0.7959,0.5186,False
TimesFM-2.5-Uni-ZS,1,0.0,0.0,1.7506,0.0,0.0,0.0,0.0,False
TimesFM-2.5-Uni-ZS,1,0.05,0.0736,1.6251,0.3606,0.068,0.0937,0.057,False
TimesFM-2.5-Uni-ZS,1,0.1,0.1266,1.574,0.6208,0.117,0.1612,0.0981,False
TimesFM-2.5-Uni-ZS,1,0.15,0.1811,1.534,0.888,0.1674,0.2307,0.1403,False
TimesFM-2.5-Uni-ZS,1,0.2,0.2292,1.5006,1.1235,0.2118,0.2918,0.1775,False
TimesFM-2.5-Uni-ZS,1,0.25,0.2804,1.4759,1.3745,0.2591,0.357,0.2172,False
TimesFM-2.5-Uni-ZS,1,0.3,0.3196,1.4553,1.5668,0.2953,0.407,0.2476,False
TimesFM-2.5-Uni-ZS,1,0.35,0.3673,1.432,1.8008,0.3394,0.4677,0.2845,False
TimesFM-2.5-Uni-ZS,1,0.4,0.4146,1.4135,2.0327,0.3832,0.528,0.3212,False
TimesFM-2.5-Uni-ZS,1,0.45,0.4576,1.398,2.2434,0.4229,0.5827,0.3545,False
TimesFM-2.5-Uni-ZS,1,0.5,0.5039,1.3845,2.4704,0.4656,0.6417,0.3903,False
TimesFM-2.5-Uni-ZS,1,0.55,0.5578,1.3686,2.7348,0.5155,0.7103,0.4321,False
TimesFM-2.5-Uni-ZS,1,0.6,0.6093,1.3538,2.9872,0.5631,0.7759,0.472,False
TimesFM-2.5-Uni-ZS,1,0.65,0.6602,1.3359,3.2368,0.6101,0.8407,0.5114,False
TimesFM-2.5-Uni-ZS,1,0.7,0.7074,1.3266,3.468,0.6537,0.9008,0.5479,False
TimesFM-2.5-Uni-ZS,1,0.75,0.753,1.3151,3.6914,0.6958,0.9588,0.5832,False
TimesFM-2.5-Uni-ZS,1,0.8,0.8021,1.2975,3.9325,0.7413,1.0214,0.6213,False
TimesFM-2.5-Uni-ZS,1,0.85,0.8538,1.284,4.1857,0.789,1.0872,0.6613,False
TimesFM-2.5-Uni-ZS,1,0.9,0.9041,1.2732,4.4324,0.8355,1.1513,0.7003,False
TimesFM-2.5-Uni-ZS,1,0.95,0.9563,1.269,4.6884,0.8837,1.2178,0.7408,True
TimesFM-2.5-Uni-ZS,1,1.0,1.0,1.2948,4.9026,0.9241,1.2734,0.7746,False
TimesFM-2.5-Uni-ZS,24,0.0,0.0,4.2374,0.0,0.0,0.0,0.0,False
TimesFM-2.5-Uni-ZS,24,0.05,0.0539,3.9556,0.2692,0.0503,0.0739,0.0422,False
TimesFM-2.5-Uni-ZS,24,0.1,0.1097,3.8183,0.5478,0.1023,0.1504,0.0858,False
TimesFM-2.5-Uni-ZS,24,0.15,0.1581,3.7627,0.789,0.1473,0.2165,0.1236,False
TimesFM-2.5-Uni-ZS,24,0.2,0.2084,3.7061,1.0403,0.1942,0.2855,0.163,False
TimesFM-2.5-Uni-ZS,24,0.25,0.2605,3.6864,1.3001,0.2427,0.3568,0.2037,False
TimesFM-2.5-Uni-ZS,24,0.3,0.3075,3.6714,1.5348,0.2865,0.4212,0.2405,False
TimesFM-2.5-Uni-ZS,24,0.35,0.3579,3.6498,1.7868,0.3336,0.4904,0.2799,False
TimesFM-2.5-Uni-ZS,24,0.4,0.4064,3.6344,2.0287,0.3787,0.5568,0.3178,False
TimesFM-2.5-Uni-ZS,24,0.45,0.4554,3.6299,2.2735,0.4244,0.6239,0.3562,False
TimesFM-2.5-Uni-ZS,24,0.5,0.5029,3.6228,2.5103,0.4686,0.689,0.3933,True
TimesFM-2.5-Uni-ZS,24,0.55,0.5513,3.6345,2.7522,0.5138,0.7553,0.4312,False
TimesFM-2.5-Uni-ZS,24,0.6,0.6044,3.6522,3.0171,0.5633,0.828,0.4727,False
TimesFM-2.5-Uni-ZS,24,0.65,0.6477,3.6585,3.2331,0.6036,0.8873,0.5065,False
TimesFM-2.5-Uni-ZS,24,0.7,0.6943,3.6709,3.4656,0.647,0.9511,0.543,False
TimesFM-2.5-Uni-ZS,24,0.75,0.7453,3.6886,3.7205,0.6946,1.0211,0.5829,False
TimesFM-2.5-Uni-ZS,24,0.8,0.7929,3.685,3.958,0.7389,1.0863,0.6201,False
TimesFM-2.5-Uni-ZS,24,0.85,0.8424,3.7049,4.2049,0.785,1.154,0.6588,False
TimesFM-2.5-Uni-ZS,24,0.9,0.8921,3.732,4.4533,0.8314,1.2222,0.6977,False
TimesFM-2.5-Uni-ZS,24,0.95,0.9466,3.7782,4.7254,0.8822,1.2969,0.7404,False
TimesFM-2.5-Uni-ZS,24,1.0,1.0,4.0213,4.9918,0.9319,1.37,0.7821,False
TimesFM-2.5-Uni-ZS,168,0.0,0.0,5.6986,0.0,0.0,0.0,0.0,False
TimesFM-2.5-Uni-ZS,168,0.05,0.0413,5.6193,0.3025,0.0444,0.0751,0.0356,False
TimesFM-2.5-Uni-ZS,168,0.1,0.0961,5.5715,0.7045,0.1034,0.1749,0.0828,True
TimesFM-2.5-Uni-ZS,168,0.15,0.1502,5.5432,1.1011,0.1616,0.2734,0.1294,False
TimesFM-2.5-Uni-ZS,168,0.2,0.2037,5.5112,1.4936,0.2192,0.3708,0.1755,False
TimesFM-2.5-Uni-ZS,168,0.25,0.2536,5.4915,1.8596,0.2729,0.4617,0.2185,False
TimesFM-2.5-Uni-ZS,168,0.3,0.3092,5.5039,2.2679,0.3328,0.5631,0.2665,False
TimesFM-2.5-Uni-ZS,168,0.35,0.3581,5.5024,2.6264,0.3854,0.6521,0.3086,False
TimesFM-2.5-Uni-ZS,168,0.4,0.4078,5.4994,2.9903,0.4388,0.7424,0.3514,False
TimesFM-2.5-Uni-ZS,168,0.45,0.4608,5.508,3.3796,0.4959,0.8391,0.3972,False
TimesFM-2.5-Uni-ZS,168,0.5,0.5061,5.5267,3.7117,0.5446,0.9216,0.4362,False
TimesFM-2.5-Uni-ZS,168,0.55,0.5513,5.5411,4.0428,0.5932,1.0038,0.4751,False
TimesFM-2.5-Uni-ZS,168,0.6,0.5967,5.5554,4.376,0.6421,1.0865,0.5142,False
TimesFM-2.5-Uni-ZS,168,0.65,0.6421,5.5578,4.7092,0.691,1.1692,0.5534,False
TimesFM-2.5-Uni-ZS,168,0.7,0.6919,5.5804,5.0741,0.7446,1.2598,0.5963,False
TimesFM-2.5-Uni-ZS,168,0.75,0.7431,5.6151,5.4496,0.7997,1.3531,0.6404,False
TimesFM-2.5-Uni-ZS,168,0.8,0.7911,5.6577,5.8019,0.8513,1.4405,0.6818,False
TimesFM-2.5-Uni-ZS,168,0.85,0.84,5.6938,6.1604,0.904,1.5295,0.7239,False
TimesFM-2.5-Uni-ZS,168,0.9,0.8969,5.7666,6.5772,0.9651,1.633,0.7729,False
TimesFM-2.5-Uni-ZS,168,0.95,0.9489,5.8514,6.9591,1.0212,1.7278,0.8178,False
TimesFM-2.5-Uni-ZS,168,1.0,1.0,6.2127,7.3335,1.0761,1.8208,0.8618,False
TimesFM-2.5-Uni-ZS,720,0.0,0.0,7.4804,0.0,0.0,0.0,0.0,False
TimesFM-2.5-Uni-ZS,720,0.05,0.0493,7.2156,0.8094,0.0818,0.1773,0.0591,False
TimesFM-2.5-Uni-ZS,720,0.1,0.0976,7.1681,1.6023,0.1618,0.3509,0.117,False
TimesFM-2.5-Uni-ZS,720,0.15,0.151,7.1157,2.478,0.2503,0.5427,0.1809,False
TimesFM-2.5-Uni-ZS,720,0.2,0.2054,7.1083,3.3703,0.3404,0.7381,0.2461,False
TimesFM-2.5-Uni-ZS,720,0.25,0.2537,7.1038,4.1632,0.4205,0.9118,0.304,True
TimesFM-2.5-Uni-ZS,720,0.3,0.3072,7.1109,5.0412,0.5092,1.1041,0.3681,False
TimesFM-2.5-Uni-ZS,720,0.35,0.3542,7.1264,5.8128,0.5872,1.2731,0.4244,False
TimesFM-2.5-Uni-ZS,720,0.4,0.3982,7.1484,6.5347,0.6601,1.4311,0.4771,False
TimesFM-2.5-Uni-ZS,720,0.45,0.453,7.1808,7.434,0.7509,1.6281,0.5428,False
TimesFM-2.5-Uni-ZS,720,0.5,0.5033,7.2271,8.26,0.8343,1.809,0.6031,False
TimesFM-2.5-Uni-ZS,720,0.55,0.5508,7.2927,9.0387,0.913,1.9796,0.66,False
TimesFM-2.5-Uni-ZS,720,0.6,0.5997,7.3656,9.841,0.994,2.1553,0.7186,False
TimesFM-2.5-Uni-ZS,720,0.65,0.6532,7.4477,10.7191,1.0827,2.3476,0.7827,False
TimesFM-2.5-Uni-ZS,720,0.7,0.7052,7.5394,11.5735,1.169,2.5347,0.8451,False
TimesFM-2.5-Uni-ZS,720,0.75,0.7583,7.6588,12.4445,1.257,2.7255,0.9087,False
TimesFM-2.5-Uni-ZS,720,0.8,0.8046,7.801,13.2042,1.3338,2.8918,0.9641,False
TimesFM-2.5-Uni-ZS,720,0.85,0.8538,7.9976,14.0113,1.4153,3.0686,1.0231,False
TimesFM-2.5-Uni-ZS,720,0.9,0.8996,8.1812,14.7639,1.4913,3.2334,1.078,False
TimesFM-2.5-Uni-ZS,720,0.95,0.9479,8.5044,15.5568,1.5714,3.4071,1.1359,False
TimesFM-2.5-Uni-ZS,720,1.0,1.0,9.2624,16.4112,1.6577,3.5942,1.1983,False
