escalated_fraction,panel_median_ape,fm,horizon,policy
0.0,1.0737504854133513,Chronos-2-Uni-ZS,1,calendar
0.05,1.0677068413477562,Chronos-2-Uni-ZS,1,calendar
0.1,1.0677068413477562,Chronos-2-Uni-ZS,1,calendar
0.15,1.031191055978414,Chronos-2-Uni-ZS,1,calendar
0.2,0.9929927159344469,Chronos-2-Uni-ZS,1,calendar
0.25,0.9730762999894765,Chronos-2-Uni-ZS,1,calendar
0.3,0.9730762999894765,Chronos-2-Uni-ZS,1,calendar
0.35,0.9730762999894765,Chronos-2-Uni-ZS,1,calendar
0.4,0.9730762999894765,Chronos-2-Uni-ZS,1,calendar
0.45,0.9263509654722204,Chronos-2-Uni-ZS,1,calendar
0.5,0.8657167814943375,Chronos-2-Uni-ZS,1,calendar
0.55,0.8567394494926467,Chronos-2-Uni-ZS,1,calendar
0.6,0.8549169570699893,Chronos-2-Uni-ZS,1,calendar
0.65,0.830880248654645,Chronos-2-Uni-ZS,1,calendar
0.7,0.830880248654645,Chronos-2-Uni-ZS,1,calendar
0.75,0.830880248654645,Chronos-2-Uni-ZS,1,calendar
0.8,0.8142552903046812,Chronos-2-Uni-ZS,1,calendar
0.85,0.7744167752465034,Chronos-2-Uni-ZS,1,calendar
0.9,0.786655898967567,Chronos-2-Uni-ZS,1,calendar
0.95,0.786655898967567,Chronos-2-Uni-ZS,1,calendar
1.0,0.7742580957791665,Chronos-2-Uni-ZS,1,calendar
0.0,1.0737504854133513,Chronos-2-Uni-ZS,1,volatility
0.05,1.0737504854133513,Chronos-2-Uni-ZS,1,volatility
0.1,1.0677068413477562,Chronos-2-Uni-ZS,1,volatility
0.15,1.0677068413477562,Chronos-2-Uni-ZS,1,volatility
0.2,1.0677068413477562,Chronos-2-Uni-ZS,1,volatility
0.25,1.0567612108714939,Chronos-2-Uni-ZS,1,volatility
0.3,1.054434709904193,Chronos-2-Uni-ZS,1,volatility
0.35,1.0376221189611918,Chronos-2-Uni-ZS,1,volatility
0.4,1.0345440787468614,Chronos-2-Uni-ZS,1,volatility
0.45,0.9929562486266138,Chronos-2-Uni-ZS,1,volatility
0.5,0.9929562486266138,Chronos-2-Uni-ZS,1,volatility
0.55,0.9929562486266138,Chronos-2-Uni-ZS,1,volatility
0.6,0.9805948363179181,Chronos-2-Uni-ZS,1,volatility
0.65,0.9052755601070055,Chronos-2-Uni-ZS,1,volatility
0.7,0.8638096316425121,Chronos-2-Uni-ZS,1,volatility
0.75,0.8386426892517078,Chronos-2-Uni-ZS,1,volatility
0.8,0.830880248654645,Chronos-2-Uni-ZS,1,volatility
0.85,0.8025886852225477,Chronos-2-Uni-ZS,1,volatility
0.9,0.7937507735526144,Chronos-2-Uni-ZS,1,volatility
0.95,0.7937507735526144,Chronos-2-Uni-ZS,1,volatility
1.0,0.7742580957791665,Chronos-2-Uni-ZS,1,volatility
0.0,1.0737504854133513,Chronos-2-Uni-ZS,1,learned
0.05,1.032576506403567,Chronos-2-Uni-ZS,1,learned
0.1,1.0266523924207036,Chronos-2-Uni-ZS,1,learned
0.15,1.0266523924207036,Chronos-2-Uni-ZS,1,learned
0.2,1.0040582453553781,Chronos-2-Uni-ZS,1,learned
0.25,0.9950955078655793,Chronos-2-Uni-ZS,1,learned
0.3,0.9830199198695836,Chronos-2-Uni-ZS,1,learned
0.35,0.9391607700452794,Chronos-2-Uni-ZS,1,learned
0.4,0.9177771533145065,Chronos-2-Uni-ZS,1,learned
0.45,0.9060135132112508,Chronos-2-Uni-ZS,1,learned
0.5,0.8852696185559703,Chronos-2-Uni-ZS,1,learned
0.55,0.8494546204144747,Chronos-2-Uni-ZS,1,learned
0.6,0.8246805613806145,Chronos-2-Uni-ZS,1,learned
0.65,0.7959372164992956,Chronos-2-Uni-ZS,1,learned
0.7,0.7948725623769085,Chronos-2-Uni-ZS,1,learned
0.75,0.786655898967567,Chronos-2-Uni-ZS,1,learned
0.8,0.7742580957791665,Chronos-2-Uni-ZS,1,learned
0.85,0.7742580957791665,Chronos-2-Uni-ZS,1,learned
0.9,0.7742580957791665,Chronos-2-Uni-ZS,1,learned
0.95,0.7680838304833123,Chronos-2-Uni-ZS,1,learned
1.0,0.7742580957791665,Chronos-2-Uni-ZS,1,learned
0.0,1.0737504854133513,Chronos-2-Uni-ZS,1,learned_margin
0.05,1.0495662644611654,Chronos-2-Uni-ZS,1,learned_margin
0.1,1.031191055978414,Chronos-2-Uni-ZS,1,learned_margin
0.15,1.0095146835280269,Chronos-2-Uni-ZS,1,learned_margin
0.2,1.0231640616422224,Chronos-2-Uni-ZS,1,learned_margin
0.25,1.0040582453553781,Chronos-2-Uni-ZS,1,learned_margin
0.3,0.9839365337839946,Chronos-2-Uni-ZS,1,learned_margin
0.35,0.9656156707434514,Chronos-2-Uni-ZS,1,learned_margin
0.4,0.9076658884767609,Chronos-2-Uni-ZS,1,learned_margin
0.45,0.8619850923181496,Chronos-2-Uni-ZS,1,learned_margin
0.5,0.8549169570699893,Chronos-2-Uni-ZS,1,learned_margin
0.55,0.8380864666678799,Chronos-2-Uni-ZS,1,learned_margin
0.6,0.8519157882920221,Chronos-2-Uni-ZS,1,learned_margin
0.65,0.8428174725134533,Chronos-2-Uni-ZS,1,learned_margin
0.7,0.8359171663970174,Chronos-2-Uni-ZS,1,learned_margin
0.75,0.827915596139157,Chronos-2-Uni-ZS,1,learned_margin
0.8,0.797727555527904,Chronos-2-Uni-ZS,1,learned_margin
0.85,0.786655898967567,Chronos-2-Uni-ZS,1,learned_margin
0.9,0.7661740351382489,Chronos-2-Uni-ZS,1,learned_margin
0.95,0.7680838304833123,Chronos-2-Uni-ZS,1,learned_margin
1.0,0.7742580957791665,Chronos-2-Uni-ZS,1,learned_margin
0.0,1.0737504854133513,Chronos-2-Uni-ZS,1,learned_enriched
0.05,1.0266523924207036,Chronos-2-Uni-ZS,1,learned_enriched
0.1,0.9950955078655793,Chronos-2-Uni-ZS,1,learned_enriched
0.15,0.9558437543323867,Chronos-2-Uni-ZS,1,learned_enriched
0.2,0.9266451004526912,Chronos-2-Uni-ZS,1,learned_enriched
0.25,0.936447051083218,Chronos-2-Uni-ZS,1,learned_enriched
0.3,0.9154977595165582,Chronos-2-Uni-ZS,1,learned_enriched
0.35,0.8925061997536307,Chronos-2-Uni-ZS,1,learned_enriched
0.4,0.9207442296721549,Chronos-2-Uni-ZS,1,learned_enriched
0.45,0.8549169570699893,Chronos-2-Uni-ZS,1,learned_enriched
0.5,0.8382827311165436,Chronos-2-Uni-ZS,1,learned_enriched
0.55,0.8138146875075792,Chronos-2-Uni-ZS,1,learned_enriched
0.6,0.7841783128436304,Chronos-2-Uni-ZS,1,learned_enriched
0.65,0.7746339235403029,Chronos-2-Uni-ZS,1,learned_enriched
0.7,0.7520090305038775,Chronos-2-Uni-ZS,1,learned_enriched
0.75,0.7431062375425187,Chronos-2-Uni-ZS,1,learned_enriched
0.8,0.7623567485047472,Chronos-2-Uni-ZS,1,learned_enriched
0.85,0.7683382639111395,Chronos-2-Uni-ZS,1,learned_enriched
0.9,0.7623567485047472,Chronos-2-Uni-ZS,1,learned_enriched
0.95,0.7623567485047472,Chronos-2-Uni-ZS,1,learned_enriched
1.0,0.7742580957791665,Chronos-2-Uni-ZS,1,learned_enriched
0.0,1.0737504854133513,Chronos-2-Uni-ZS,1,learned_margin_enriched
0.05,1.0378426856626428,Chronos-2-Uni-ZS,1,learned_margin_enriched
0.1,1.032576506403567,Chronos-2-Uni-ZS,1,learned_margin_enriched
0.15,0.9950955078655793,Chronos-2-Uni-ZS,1,learned_margin_enriched
0.2,0.9854392726282775,Chronos-2-Uni-ZS,1,learned_margin_enriched
0.25,0.936647100376123,Chronos-2-Uni-ZS,1,learned_margin_enriched
0.3,0.9330131188059789,Chronos-2-Uni-ZS,1,learned_margin_enriched
0.35,0.8620012523183403,Chronos-2-Uni-ZS,1,learned_margin_enriched
0.4,0.8480413071960691,Chronos-2-Uni-ZS,1,learned_margin_enriched
0.45,0.8226533325067102,Chronos-2-Uni-ZS,1,learned_margin_enriched
0.5,0.8226533325067102,Chronos-2-Uni-ZS,1,learned_margin_enriched
0.55,0.8064408008471564,Chronos-2-Uni-ZS,1,learned_margin_enriched
0.6,0.8377569217219908,Chronos-2-Uni-ZS,1,learned_margin_enriched
0.65,0.7939931370736021,Chronos-2-Uni-ZS,1,learned_margin_enriched
0.7,0.7909662348491454,Chronos-2-Uni-ZS,1,learned_margin_enriched
0.75,0.7909662348491454,Chronos-2-Uni-ZS,1,learned_margin_enriched
0.8,0.786655898967567,Chronos-2-Uni-ZS,1,learned_margin_enriched
0.85,0.7661740351382489,Chronos-2-Uni-ZS,1,learned_margin_enriched
0.9,0.7742580957791665,Chronos-2-Uni-ZS,1,learned_margin_enriched
0.95,0.7630663235124127,Chronos-2-Uni-ZS,1,learned_margin_enriched
1.0,0.7742580957791665,Chronos-2-Uni-ZS,1,learned_margin_enriched
0.0,2.594128319685006,Chronos-2-Uni-ZS,24,calendar
0.05,2.594128319685006,Chronos-2-Uni-ZS,24,calendar
0.1,2.6096510610658177,Chronos-2-Uni-ZS,24,calendar
0.15,2.4992736721711792,Chronos-2-Uni-ZS,24,calendar
0.2,2.468161190063761,Chronos-2-Uni-ZS,24,calendar
0.25,2.3962403981503098,Chronos-2-Uni-ZS,24,calendar
0.3,2.396309984830578,Chronos-2-Uni-ZS,24,calendar
0.35,2.396309984830578,Chronos-2-Uni-ZS,24,calendar
0.4,2.306899011558351,Chronos-2-Uni-ZS,24,calendar
0.45,2.2860096678909647,Chronos-2-Uni-ZS,24,calendar
0.5,2.221710045555644,Chronos-2-Uni-ZS,24,calendar
0.55,2.2212035761685187,Chronos-2-Uni-ZS,24,calendar
0.6,2.2212035761685187,Chronos-2-Uni-ZS,24,calendar
0.65,2.2212035761685187,Chronos-2-Uni-ZS,24,calendar
0.7,2.2212035761685187,Chronos-2-Uni-ZS,24,calendar
0.75,2.2263719580039876,Chronos-2-Uni-ZS,24,calendar
0.8,2.125032848633503,Chronos-2-Uni-ZS,24,calendar
0.85,2.125032848633503,Chronos-2-Uni-ZS,24,calendar
0.9,2.125032848633503,Chronos-2-Uni-ZS,24,calendar
0.95,2.1446227192526535,Chronos-2-Uni-ZS,24,calendar
1.0,2.1446227192526535,Chronos-2-Uni-ZS,24,calendar
0.0,2.594128319685006,Chronos-2-Uni-ZS,24,volatility
0.05,2.592686328144775,Chronos-2-Uni-ZS,24,volatility
0.1,2.592686328144775,Chronos-2-Uni-ZS,24,volatility
0.15,2.508995160082508,Chronos-2-Uni-ZS,24,volatility
0.2,2.508995160082508,Chronos-2-Uni-ZS,24,volatility
0.25,2.508995160082508,Chronos-2-Uni-ZS,24,volatility
0.3,2.4762916835557647,Chronos-2-Uni-ZS,24,volatility
0.35,2.4762916835557647,Chronos-2-Uni-ZS,24,volatility
0.4,2.497011419625688,Chronos-2-Uni-ZS,24,volatility
0.45,2.472408937761176,Chronos-2-Uni-ZS,24,volatility
0.5,2.398741589606807,Chronos-2-Uni-ZS,24,volatility
0.55,2.3701637175793153,Chronos-2-Uni-ZS,24,volatility
0.6,2.35397765999953,Chronos-2-Uni-ZS,24,volatility
0.65,2.248606393109414,Chronos-2-Uni-ZS,24,volatility
0.7,2.22527650911825,Chronos-2-Uni-ZS,24,volatility
0.75,2.22527650911825,Chronos-2-Uni-ZS,24,volatility
0.8,2.22527650911825,Chronos-2-Uni-ZS,24,volatility
0.85,2.1446227192526535,Chronos-2-Uni-ZS,24,volatility
0.9,2.1446227192526535,Chronos-2-Uni-ZS,24,volatility
0.95,2.1446227192526535,Chronos-2-Uni-ZS,24,volatility
1.0,2.1446227192526535,Chronos-2-Uni-ZS,24,volatility
0.0,2.594128319685006,Chronos-2-Uni-ZS,24,learned
0.05,2.49878930362153,Chronos-2-Uni-ZS,24,learned
0.1,2.4050312688001627,Chronos-2-Uni-ZS,24,learned
0.15,2.3277953127018614,Chronos-2-Uni-ZS,24,learned
0.2,2.31090548871325,Chronos-2-Uni-ZS,24,learned
0.25,2.2726654133711857,Chronos-2-Uni-ZS,24,learned
0.3,2.2477281272616247,Chronos-2-Uni-ZS,24,learned
0.35,2.1810219426675888,Chronos-2-Uni-ZS,24,learned
0.4,2.140404148244909,Chronos-2-Uni-ZS,24,learned
0.45,2.1478356314307927,Chronos-2-Uni-ZS,24,learned
0.5,2.1046770718048147,Chronos-2-Uni-ZS,24,learned
0.55,2.100074769914225,Chronos-2-Uni-ZS,24,learned
0.6,2.0729622847588445,Chronos-2-Uni-ZS,24,learned
0.65,2.1140452226536572,Chronos-2-Uni-ZS,24,learned
0.7,2.100074769914225,Chronos-2-Uni-ZS,24,learned
0.75,2.080062055735588,Chronos-2-Uni-ZS,24,learned
0.8,2.0940472777315646,Chronos-2-Uni-ZS,24,learned
0.85,2.1046770718048147,Chronos-2-Uni-ZS,24,learned
0.9,2.0963727549386455,Chronos-2-Uni-ZS,24,learned
0.95,2.1325933222071995,Chronos-2-Uni-ZS,24,learned
1.0,2.1446227192526535,Chronos-2-Uni-ZS,24,learned
0.0,2.594128319685006,Chronos-2-Uni-ZS,24,learned_margin
0.05,2.5563496354014035,Chronos-2-Uni-ZS,24,learned_margin
0.1,2.478438711826177,Chronos-2-Uni-ZS,24,learned_margin
0.15,2.397189379364774,Chronos-2-Uni-ZS,24,learned_margin
0.2,2.3626361624918646,Chronos-2-Uni-ZS,24,learned_margin
0.25,2.3254516567652113,Chronos-2-Uni-ZS,24,learned_margin
0.3,2.276750295390616,Chronos-2-Uni-ZS,24,learned_margin
0.35,2.276876756288536,Chronos-2-Uni-ZS,24,learned_margin
0.4,2.248606393109414,Chronos-2-Uni-ZS,24,learned_margin
0.45,2.1818443162906807,Chronos-2-Uni-ZS,24,learned_margin
0.5,2.1207411559958467,Chronos-2-Uni-ZS,24,learned_margin
0.55,2.1444107665533156,Chronos-2-Uni-ZS,24,learned_margin
0.6,2.1463507810294806,Chronos-2-Uni-ZS,24,learned_margin
0.65,2.1806304445583073,Chronos-2-Uni-ZS,24,learned_margin
0.7,2.1154399731227906,Chronos-2-Uni-ZS,24,learned_margin
0.75,2.1065722434924496,Chronos-2-Uni-ZS,24,learned_margin
0.8,2.109149173439338,Chronos-2-Uni-ZS,24,learned_margin
0.85,2.119289261780804,Chronos-2-Uni-ZS,24,learned_margin
0.9,2.119289261780804,Chronos-2-Uni-ZS,24,learned_margin
0.95,2.1046770718048147,Chronos-2-Uni-ZS,24,learned_margin
1.0,2.1446227192526535,Chronos-2-Uni-ZS,24,learned_margin
0.0,2.594128319685006,Chronos-2-Uni-ZS,24,learned_enriched
0.05,2.49878930362153,Chronos-2-Uni-ZS,24,learned_enriched
0.1,2.4191530243985317,Chronos-2-Uni-ZS,24,learned_enriched
0.15,2.3444010806212767,Chronos-2-Uni-ZS,24,learned_enriched
0.2,2.3277953127018614,Chronos-2-Uni-ZS,24,learned_enriched
0.25,2.212374788374718,Chronos-2-Uni-ZS,24,learned_enriched
0.3,2.212374788374718,Chronos-2-Uni-ZS,24,learned_enriched
0.35,2.221710045555644,Chronos-2-Uni-ZS,24,learned_enriched
0.4,2.124238604819511,Chronos-2-Uni-ZS,24,learned_enriched
0.45,2.092490804534972,Chronos-2-Uni-ZS,24,learned_enriched
0.5,2.092490804534972,Chronos-2-Uni-ZS,24,learned_enriched
0.55,2.131162057093066,Chronos-2-Uni-ZS,24,learned_enriched
0.6,2.0940472777315646,Chronos-2-Uni-ZS,24,learned_enriched
0.65,2.095125306327388,Chronos-2-Uni-ZS,24,learned_enriched
0.7,2.0627050838649232,Chronos-2-Uni-ZS,24,learned_enriched
0.75,2.1046770718048147,Chronos-2-Uni-ZS,24,learned_enriched
0.8,2.110997996527067,Chronos-2-Uni-ZS,24,learned_enriched
0.85,2.0940472777315646,Chronos-2-Uni-ZS,24,learned_enriched
0.9,2.0940472777315646,Chronos-2-Uni-ZS,24,learned_enriched
0.95,2.0940472777315646,Chronos-2-Uni-ZS,24,learned_enriched
1.0,2.1446227192526535,Chronos-2-Uni-ZS,24,learned_enriched
0.0,2.594128319685006,Chronos-2-Uni-ZS,24,learned_margin_enriched
0.05,2.5292857124581207,Chronos-2-Uni-ZS,24,learned_margin_enriched
0.1,2.437064505875475,Chronos-2-Uni-ZS,24,learned_margin_enriched
0.15,2.36269690688871,Chronos-2-Uni-ZS,24,learned_margin_enriched
0.2,2.3439840119143374,Chronos-2-Uni-ZS,24,learned_margin_enriched
0.25,2.276750295390616,Chronos-2-Uni-ZS,24,learned_margin_enriched
0.3,2.24016602411806,Chronos-2-Uni-ZS,24,learned_margin_enriched
0.35,2.17139285382961,Chronos-2-Uni-ZS,24,learned_margin_enriched
0.4,2.1818443162906807,Chronos-2-Uni-ZS,24,learned_margin_enriched
0.45,2.120522242781263,Chronos-2-Uni-ZS,24,learned_margin_enriched
0.5,2.1065722434924496,Chronos-2-Uni-ZS,24,learned_margin_enriched
0.55,2.105270728078438,Chronos-2-Uni-ZS,24,learned_margin_enriched
0.6,2.1138813406319503,Chronos-2-Uni-ZS,24,learned_margin_enriched
0.65,2.092490804534972,Chronos-2-Uni-ZS,24,learned_margin_enriched
0.7,2.0913663830900657,Chronos-2-Uni-ZS,24,learned_margin_enriched
0.75,2.110997996527067,Chronos-2-Uni-ZS,24,learned_margin_enriched
0.8,2.1138813406319503,Chronos-2-Uni-ZS,24,learned_margin_enriched
0.85,2.105270728078438,Chronos-2-Uni-ZS,24,learned_margin_enriched
0.9,2.0940472777315646,Chronos-2-Uni-ZS,24,learned_margin_enriched
0.95,2.0940472777315646,Chronos-2-Uni-ZS,24,learned_margin_enriched
1.0,2.1446227192526535,Chronos-2-Uni-ZS,24,learned_margin_enriched
0.0,3.678669577916249,Chronos-2-Uni-ZS,168,calendar
0.05,3.6088145502325064,Chronos-2-Uni-ZS,168,calendar
0.1,3.60001176576845,Chronos-2-Uni-ZS,168,calendar
0.15,3.60001176576845,Chronos-2-Uni-ZS,168,calendar
0.2,3.6088145502325064,Chronos-2-Uni-ZS,168,calendar
0.25,3.6088145502325064,Chronos-2-Uni-ZS,168,calendar
0.3,3.6998688460242084,Chronos-2-Uni-ZS,168,calendar
0.35,3.66859497122737,Chronos-2-Uni-ZS,168,calendar
0.4,3.7101621278213543,Chronos-2-Uni-ZS,168,calendar
0.45,3.8339085244873146,Chronos-2-Uni-ZS,168,calendar
0.5,3.8339085244873146,Chronos-2-Uni-ZS,168,calendar
0.55,3.8339085244873146,Chronos-2-Uni-ZS,168,calendar
0.6,3.78487474977758,Chronos-2-Uni-ZS,168,calendar
0.65,3.74908802239116,Chronos-2-Uni-ZS,168,calendar
0.7,3.74908802239116,Chronos-2-Uni-ZS,168,calendar
0.75,3.74908802239116,Chronos-2-Uni-ZS,168,calendar
0.8,3.9327562348230716,Chronos-2-Uni-ZS,168,calendar
0.85,3.9327562348230716,Chronos-2-Uni-ZS,168,calendar
0.9,3.9327562348230716,Chronos-2-Uni-ZS,168,calendar
0.95,4.003368300287406,Chronos-2-Uni-ZS,168,calendar
1.0,4.003368300287406,Chronos-2-Uni-ZS,168,calendar
0.0,3.678669577916249,Chronos-2-Uni-ZS,168,volatility
0.05,3.678669577916249,Chronos-2-Uni-ZS,168,volatility
0.1,3.7443105676410724,Chronos-2-Uni-ZS,168,volatility
0.15,3.884602849790966,Chronos-2-Uni-ZS,168,volatility
0.2,4.084575814260563,Chronos-2-Uni-ZS,168,volatility
0.25,4.003368300287406,Chronos-2-Uni-ZS,168,volatility
0.3,4.003368300287406,Chronos-2-Uni-ZS,168,volatility
0.35,4.003368300287406,Chronos-2-Uni-ZS,168,volatility
0.4,4.003368300287406,Chronos-2-Uni-ZS,168,volatility
0.45,4.067082746252308,Chronos-2-Uni-ZS,168,volatility
0.5,4.123980941668362,Chronos-2-Uni-ZS,168,volatility
0.55,4.185008631307076,Chronos-2-Uni-ZS,168,volatility
0.6,4.030446651075657,Chronos-2-Uni-ZS,168,volatility
0.65,4.003368300287406,Chronos-2-Uni-ZS,168,volatility
0.7,4.003368300287406,Chronos-2-Uni-ZS,168,volatility
0.75,4.003368300287406,Chronos-2-Uni-ZS,168,volatility
0.8,4.003368300287406,Chronos-2-Uni-ZS,168,volatility
0.85,4.003368300287406,Chronos-2-Uni-ZS,168,volatility
0.9,4.003368300287406,Chronos-2-Uni-ZS,168,volatility
0.95,4.003368300287406,Chronos-2-Uni-ZS,168,volatility
1.0,4.003368300287406,Chronos-2-Uni-ZS,168,volatility
0.0,3.678669577916249,Chronos-2-Uni-ZS,168,learned
0.05,3.678669577916249,Chronos-2-Uni-ZS,168,learned
0.1,3.60001176576845,Chronos-2-Uni-ZS,168,learned
0.15,3.60001176576845,Chronos-2-Uni-ZS,168,learned
0.2,3.592835418887609,Chronos-2-Uni-ZS,168,learned
0.25,3.5741022747720734,Chronos-2-Uni-ZS,168,learned
0.3,3.60001176576845,Chronos-2-Uni-ZS,168,learned
0.35,3.567395241393885,Chronos-2-Uni-ZS,168,learned
0.4,3.5771663652525705,Chronos-2-Uni-ZS,168,learned
0.45,3.567395241393885,Chronos-2-Uni-ZS,168,learned
0.5,3.590227662828296,Chronos-2-Uni-ZS,168,learned
0.55,3.7237526994664494,Chronos-2-Uni-ZS,168,learned
0.6,3.7237526994664494,Chronos-2-Uni-ZS,168,learned
0.65,3.691015118859767,Chronos-2-Uni-ZS,168,learned
0.7,3.7237526994664494,Chronos-2-Uni-ZS,168,learned
0.75,3.867589582943824,Chronos-2-Uni-ZS,168,learned
0.8,3.742087240202221,Chronos-2-Uni-ZS,168,learned
0.85,3.7564564195552324,Chronos-2-Uni-ZS,168,learned
0.9,3.798624325942221,Chronos-2-Uni-ZS,168,learned
0.95,3.902512443312605,Chronos-2-Uni-ZS,168,learned
1.0,4.003368300287406,Chronos-2-Uni-ZS,168,learned
0.0,3.678669577916249,Chronos-2-Uni-ZS,168,learned_margin
0.05,3.641264452976299,Chronos-2-Uni-ZS,168,learned_margin
0.1,3.592835418887609,Chronos-2-Uni-ZS,168,learned_margin
0.15,3.60001176576845,Chronos-2-Uni-ZS,168,learned_margin
0.2,3.6506690938513793,Chronos-2-Uni-ZS,168,learned_margin
0.25,3.6708190928182347,Chronos-2-Uni-ZS,168,learned_margin
0.3,3.719828789950662,Chronos-2-Uni-ZS,168,learned_margin
0.35,3.719828789950662,Chronos-2-Uni-ZS,168,learned_margin
0.4,3.66859497122737,Chronos-2-Uni-ZS,168,learned_margin
0.45,3.6506690938513793,Chronos-2-Uni-ZS,168,learned_margin
0.5,3.617199187033143,Chronos-2-Uni-ZS,168,learned_margin
0.55,3.687134302621673,Chronos-2-Uni-ZS,168,learned_margin
0.6,3.60001176576845,Chronos-2-Uni-ZS,168,learned_margin
0.65,3.592835418887609,Chronos-2-Uni-ZS,168,learned_margin
0.7,3.6731661230934463,Chronos-2-Uni-ZS,168,learned_margin
0.75,3.6795889944994356,Chronos-2-Uni-ZS,168,learned_margin
0.8,3.687134302621673,Chronos-2-Uni-ZS,168,learned_margin
0.85,3.7408876846655055,Chronos-2-Uni-ZS,168,learned_margin
0.9,3.7845075381142586,Chronos-2-Uni-ZS,168,learned_margin
0.95,3.8221001725317794,Chronos-2-Uni-ZS,168,learned_margin
1.0,4.003368300287406,Chronos-2-Uni-ZS,168,learned_margin
0.0,3.678669577916249,Chronos-2-Uni-ZS,168,learned_enriched
0.05,3.6998688460242084,Chronos-2-Uni-ZS,168,learned_enriched
0.1,3.617473695164396,Chronos-2-Uni-ZS,168,learned_enriched
0.15,3.590227662828296,Chronos-2-Uni-ZS,168,learned_enriched
0.2,3.4941731371359963,Chronos-2-Uni-ZS,168,learned_enriched
0.25,3.557027421529724,Chronos-2-Uni-ZS,168,learned_enriched
0.3,3.627206832579972,Chronos-2-Uni-ZS,168,learned_enriched
0.35,3.679762363719893,Chronos-2-Uni-ZS,168,learned_enriched
0.4,3.7237526994664494,Chronos-2-Uni-ZS,168,learned_enriched
0.45,3.617199187033143,Chronos-2-Uni-ZS,168,learned_enriched
0.5,3.662077063373433,Chronos-2-Uni-ZS,168,learned_enriched
0.55,3.7221176979725965,Chronos-2-Uni-ZS,168,learned_enriched
0.6,3.687134302621673,Chronos-2-Uni-ZS,168,learned_enriched
0.65,3.60001176576845,Chronos-2-Uni-ZS,168,learned_enriched
0.7,3.6044529233954883,Chronos-2-Uni-ZS,168,learned_enriched
0.75,3.671344989193408,Chronos-2-Uni-ZS,168,learned_enriched
0.8,3.7400707053072626,Chronos-2-Uni-ZS,168,learned_enriched
0.85,3.745329440062686,Chronos-2-Uni-ZS,168,learned_enriched
0.9,3.7564564195552324,Chronos-2-Uni-ZS,168,learned_enriched
0.95,3.7852110507960277,Chronos-2-Uni-ZS,168,learned_enriched
1.0,4.003368300287406,Chronos-2-Uni-ZS,168,learned_enriched
0.0,3.678669577916249,Chronos-2-Uni-ZS,168,learned_margin_enriched
0.05,3.640390808093818,Chronos-2-Uni-ZS,168,learned_margin_enriched
0.1,3.608520544085362,Chronos-2-Uni-ZS,168,learned_margin_enriched
0.15,3.5771663652525705,Chronos-2-Uni-ZS,168,learned_margin_enriched
0.2,3.5741022747720734,Chronos-2-Uni-ZS,168,learned_margin_enriched
0.25,3.5771663652525705,Chronos-2-Uni-ZS,168,learned_margin_enriched
0.3,3.592835418887609,Chronos-2-Uni-ZS,168,learned_margin_enriched
0.35,3.592835418887609,Chronos-2-Uni-ZS,168,learned_margin_enriched
0.4,3.537738182401961,Chronos-2-Uni-ZS,168,learned_margin_enriched
0.45,3.578178938407132,Chronos-2-Uni-ZS,168,learned_margin_enriched
0.5,3.676753257637593,Chronos-2-Uni-ZS,168,learned_margin_enriched
0.55,3.598723339280564,Chronos-2-Uni-ZS,168,learned_margin_enriched
0.6,3.60001176576845,Chronos-2-Uni-ZS,168,learned_margin_enriched
0.65,3.7422888068208806,Chronos-2-Uni-ZS,168,learned_margin_enriched
0.7,3.775138907559283,Chronos-2-Uni-ZS,168,learned_margin_enriched
0.75,3.776439060587495,Chronos-2-Uni-ZS,168,learned_margin_enriched
0.8,3.8130971630560895,Chronos-2-Uni-ZS,168,learned_margin_enriched
0.85,3.7874875667211523,Chronos-2-Uni-ZS,168,learned_margin_enriched
0.9,3.775138907559283,Chronos-2-Uni-ZS,168,learned_margin_enriched
0.95,3.78487474977758,Chronos-2-Uni-ZS,168,learned_margin_enriched
1.0,4.003368300287406,Chronos-2-Uni-ZS,168,learned_margin_enriched
0.0,5.670981354745334,Chronos-2-Uni-ZS,720,calendar
0.05,5.724175782405354,Chronos-2-Uni-ZS,720,calendar
0.1,5.767217626939859,Chronos-2-Uni-ZS,720,calendar
0.15,5.790789813425072,Chronos-2-Uni-ZS,720,calendar
0.2,5.790789813425072,Chronos-2-Uni-ZS,720,calendar
0.25,5.790789813425072,Chronos-2-Uni-ZS,720,calendar
0.3,5.987923205757714,Chronos-2-Uni-ZS,720,calendar
0.35,6.226807465681468,Chronos-2-Uni-ZS,720,calendar
0.4,6.253277847654758,Chronos-2-Uni-ZS,720,calendar
0.45,6.253277847654758,Chronos-2-Uni-ZS,720,calendar
0.5,6.253277847654758,Chronos-2-Uni-ZS,720,calendar
0.55,6.6840497639880265,Chronos-2-Uni-ZS,720,calendar
0.6,6.675779411096014,Chronos-2-Uni-ZS,720,calendar
0.65,6.675779411096014,Chronos-2-Uni-ZS,720,calendar
0.7,6.748726246769408,Chronos-2-Uni-ZS,720,calendar
0.75,6.748726246769408,Chronos-2-Uni-ZS,720,calendar
0.8,7.002219753483926,Chronos-2-Uni-ZS,720,calendar
0.85,7.18279701278836,Chronos-2-Uni-ZS,720,calendar
0.9,7.240926354305579,Chronos-2-Uni-ZS,720,calendar
0.95,7.271766024186603,Chronos-2-Uni-ZS,720,calendar
1.0,7.271766024186603,Chronos-2-Uni-ZS,720,calendar
0.0,5.670981354745334,Chronos-2-Uni-ZS,720,volatility
0.05,5.764897177930153,Chronos-2-Uni-ZS,720,volatility
0.1,5.764897177930153,Chronos-2-Uni-ZS,720,volatility
0.15,5.79545509717046,Chronos-2-Uni-ZS,720,volatility
0.2,6.315940697779564,Chronos-2-Uni-ZS,720,volatility
0.25,6.315940697779564,Chronos-2-Uni-ZS,720,volatility
0.3,6.315940697779564,Chronos-2-Uni-ZS,720,volatility
0.35,6.315940697779564,Chronos-2-Uni-ZS,720,volatility
0.4,6.315940697779564,Chronos-2-Uni-ZS,720,volatility
0.45,6.367006667338145,Chronos-2-Uni-ZS,720,volatility
0.5,6.367006667338145,Chronos-2-Uni-ZS,720,volatility
0.55,6.54531208257823,Chronos-2-Uni-ZS,720,volatility
0.6,7.059395112748298,Chronos-2-Uni-ZS,720,volatility
0.65,7.291371973077397,Chronos-2-Uni-ZS,720,volatility
0.7,7.159823839384062,Chronos-2-Uni-ZS,720,volatility
0.75,7.271766024186603,Chronos-2-Uni-ZS,720,volatility
0.8,7.271766024186603,Chronos-2-Uni-ZS,720,volatility
0.85,7.8330039346872935,Chronos-2-Uni-ZS,720,volatility
0.9,7.8330039346872935,Chronos-2-Uni-ZS,720,volatility
0.95,7.8330039346872935,Chronos-2-Uni-ZS,720,volatility
1.0,7.271766024186603,Chronos-2-Uni-ZS,720,volatility
0.0,5.670981354745334,Chronos-2-Uni-ZS,720,learned
0.05,5.69779610722947,Chronos-2-Uni-ZS,720,learned
0.1,5.580308644358799,Chronos-2-Uni-ZS,720,learned
0.15,5.547681947728502,Chronos-2-Uni-ZS,720,learned
0.2,5.547681947728502,Chronos-2-Uni-ZS,720,learned
0.25,5.621503961171733,Chronos-2-Uni-ZS,720,learned
0.3,5.646841436683308,Chronos-2-Uni-ZS,720,learned
0.35,5.651923810459777,Chronos-2-Uni-ZS,720,learned
0.4,5.713980312517052,Chronos-2-Uni-ZS,720,learned
0.45,5.747894140024981,Chronos-2-Uni-ZS,720,learned
0.5,5.865375116441916,Chronos-2-Uni-ZS,720,learned
0.55,5.790789813425072,Chronos-2-Uni-ZS,720,learned
0.6,5.9901929591508125,Chronos-2-Uni-ZS,720,learned
0.65,6.1838345103841,Chronos-2-Uni-ZS,720,learned
0.7,6.308529563658027,Chronos-2-Uni-ZS,720,learned
0.75,6.3957317602452965,Chronos-2-Uni-ZS,720,learned
0.8,6.804972883185554,Chronos-2-Uni-ZS,720,learned
0.85,6.880159406160207,Chronos-2-Uni-ZS,720,learned
0.9,7.030341441711306,Chronos-2-Uni-ZS,720,learned
0.95,7.341839018558075,Chronos-2-Uni-ZS,720,learned
1.0,7.271766024186603,Chronos-2-Uni-ZS,720,learned
0.0,5.670981354745334,Chronos-2-Uni-ZS,720,learned_margin
0.05,5.742106664651895,Chronos-2-Uni-ZS,720,learned_margin
0.1,5.663978946403471,Chronos-2-Uni-ZS,720,learned_margin
0.15,5.663978946403471,Chronos-2-Uni-ZS,720,learned_margin
0.2,5.624444155642714,Chronos-2-Uni-ZS,720,learned_margin
0.25,5.651923810459777,Chronos-2-Uni-ZS,720,learned_margin
0.3,5.679969962522046,Chronos-2-Uni-ZS,720,learned_margin
0.35,5.651923810459777,Chronos-2-Uni-ZS,720,learned_margin
0.4,5.865375116441916,Chronos-2-Uni-ZS,720,learned_margin
0.45,5.997995883010445,Chronos-2-Uni-ZS,720,learned_margin
0.5,5.846304286725516,Chronos-2-Uni-ZS,720,learned_margin
0.55,6.122371030988796,Chronos-2-Uni-ZS,720,learned_margin
0.6,6.269645995802505,Chronos-2-Uni-ZS,720,learned_margin
0.65,6.219459446517206,Chronos-2-Uni-ZS,720,learned_margin
0.7,6.362237795647352,Chronos-2-Uni-ZS,720,learned_margin
0.75,6.440341090340741,Chronos-2-Uni-ZS,720,learned_margin
0.8,6.681178838827324,Chronos-2-Uni-ZS,720,learned_margin
0.85,6.909971292811288,Chronos-2-Uni-ZS,720,learned_margin
0.9,7.057788353795599,Chronos-2-Uni-ZS,720,learned_margin
0.95,7.263615112060364,Chronos-2-Uni-ZS,720,learned_margin
1.0,7.271766024186603,Chronos-2-Uni-ZS,720,learned_margin
0.0,5.670981354745334,Chronos-2-Uni-ZS,720,learned_enriched
0.05,5.621503961171733,Chronos-2-Uni-ZS,720,learned_enriched
0.1,5.3634766039886825,Chronos-2-Uni-ZS,720,learned_enriched
0.15,5.376491010133625,Chronos-2-Uni-ZS,720,learned_enriched
0.2,5.455326244119678,Chronos-2-Uni-ZS,720,learned_enriched
0.25,5.468154064810826,Chronos-2-Uni-ZS,720,learned_enriched
0.3,5.576786252982568,Chronos-2-Uni-ZS,720,learned_enriched
0.35,5.576786252982568,Chronos-2-Uni-ZS,720,learned_enriched
0.4,5.624444155642714,Chronos-2-Uni-ZS,720,learned_enriched
0.45,5.663978946403471,Chronos-2-Uni-ZS,720,learned_enriched
0.5,5.624444155642714,Chronos-2-Uni-ZS,720,learned_enriched
0.55,5.576786252982568,Chronos-2-Uni-ZS,720,learned_enriched
0.6,5.790789813425072,Chronos-2-Uni-ZS,720,learned_enriched
0.65,5.790789813425072,Chronos-2-Uni-ZS,720,learned_enriched
0.7,6.086464254414704,Chronos-2-Uni-ZS,720,learned_enriched
0.75,6.198215800183011,Chronos-2-Uni-ZS,720,learned_enriched
0.8,6.5017533580158275,Chronos-2-Uni-ZS,720,learned_enriched
0.85,6.748726246769408,Chronos-2-Uni-ZS,720,learned_enriched
0.9,7.013141946775451,Chronos-2-Uni-ZS,720,learned_enriched
0.95,7.248696056215396,Chronos-2-Uni-ZS,720,learned_enriched
1.0,7.271766024186603,Chronos-2-Uni-ZS,720,learned_enriched
0.0,5.670981354745334,Chronos-2-Uni-ZS,720,learned_margin_enriched
0.05,5.580308644358799,Chronos-2-Uni-ZS,720,learned_margin_enriched
0.1,5.3634766039886825,Chronos-2-Uni-ZS,720,learned_margin_enriched
0.15,5.461177289989899,Chronos-2-Uni-ZS,720,learned_margin_enriched
0.2,5.461177289989899,Chronos-2-Uni-ZS,720,learned_margin_enriched
0.25,5.468154064810826,Chronos-2-Uni-ZS,720,learned_margin_enriched
0.3,5.504458345357189,Chronos-2-Uni-ZS,720,learned_margin_enriched
0.35,5.514486247525914,Chronos-2-Uni-ZS,720,learned_margin_enriched
0.4,5.650689402825237,Chronos-2-Uni-ZS,720,learned_margin_enriched
0.45,5.559590400803569,Chronos-2-Uni-ZS,720,learned_margin_enriched
0.5,5.547681947728502,Chronos-2-Uni-ZS,720,learned_margin_enriched
0.55,5.663978946403471,Chronos-2-Uni-ZS,720,learned_margin_enriched
0.6,5.621503961171733,Chronos-2-Uni-ZS,720,learned_margin_enriched
0.65,6.002892852204879,Chronos-2-Uni-ZS,720,learned_margin_enriched
0.7,6.194675602627767,Chronos-2-Uni-ZS,720,learned_margin_enriched
0.75,6.440341090340741,Chronos-2-Uni-ZS,720,learned_margin_enriched
0.8,6.54531208257823,Chronos-2-Uni-ZS,720,learned_margin_enriched
0.85,6.902661902789125,Chronos-2-Uni-ZS,720,learned_margin_enriched
0.9,7.057788353795599,Chronos-2-Uni-ZS,720,learned_margin_enriched
0.95,7.341839018558075,Chronos-2-Uni-ZS,720,learned_margin_enriched
1.0,7.271766024186603,Chronos-2-Uni-ZS,720,learned_margin_enriched
0.0,1.0737504854133513,TimesFM-2.5-Uni-ZS,1,calendar
0.05,1.0737504854133513,TimesFM-2.5-Uni-ZS,1,calendar
0.1,1.0737504854133513,TimesFM-2.5-Uni-ZS,1,calendar
0.15,1.0287790768452418,TimesFM-2.5-Uni-ZS,1,calendar
0.2,0.9920800096385564,TimesFM-2.5-Uni-ZS,1,calendar
0.25,0.9562530503826613,TimesFM-2.5-Uni-ZS,1,calendar
0.3,0.9123957346768166,TimesFM-2.5-Uni-ZS,1,calendar
0.35,0.9123957346768166,TimesFM-2.5-Uni-ZS,1,calendar
0.4,0.8950868025446946,TimesFM-2.5-Uni-ZS,1,calendar
0.45,0.8767317598406501,TimesFM-2.5-Uni-ZS,1,calendar
0.5,0.8611920135145552,TimesFM-2.5-Uni-ZS,1,calendar
0.55,0.8611920135145552,TimesFM-2.5-Uni-ZS,1,calendar
0.6,0.8312506060854945,TimesFM-2.5-Uni-ZS,1,calendar
0.65,0.7884031648089171,TimesFM-2.5-Uni-ZS,1,calendar
0.7,0.7866440075016383,TimesFM-2.5-Uni-ZS,1,calendar
0.75,0.7884031648089171,TimesFM-2.5-Uni-ZS,1,calendar
0.8,0.8004375350151595,TimesFM-2.5-Uni-ZS,1,calendar
0.85,0.8004375350151595,TimesFM-2.5-Uni-ZS,1,calendar
0.9,0.8004375350151595,TimesFM-2.5-Uni-ZS,1,calendar
0.95,0.7756482187217706,TimesFM-2.5-Uni-ZS,1,calendar
1.0,0.7676261477741295,TimesFM-2.5-Uni-ZS,1,calendar
0.0,1.0737504854133513,TimesFM-2.5-Uni-ZS,1,volatility
0.05,1.0677068413477562,TimesFM-2.5-Uni-ZS,1,volatility
0.1,1.0677068413477562,TimesFM-2.5-Uni-ZS,1,volatility
0.15,1.0677068413477562,TimesFM-2.5-Uni-ZS,1,volatility
0.2,1.0677068413477562,TimesFM-2.5-Uni-ZS,1,volatility
0.25,1.0567612108714939,TimesFM-2.5-Uni-ZS,1,volatility
0.3,1.054434709904193,TimesFM-2.5-Uni-ZS,1,volatility
0.35,1.0376221189611918,TimesFM-2.5-Uni-ZS,1,volatility
0.4,1.0231640616422224,TimesFM-2.5-Uni-ZS,1,volatility
0.45,0.9813763554976462,TimesFM-2.5-Uni-ZS,1,volatility
0.5,0.9813763554976462,TimesFM-2.5-Uni-ZS,1,volatility
0.55,0.9668334936138173,TimesFM-2.5-Uni-ZS,1,volatility
0.6,0.9267908410372804,TimesFM-2.5-Uni-ZS,1,volatility
0.65,0.8669908571897734,TimesFM-2.5-Uni-ZS,1,volatility
0.7,0.8266612176818834,TimesFM-2.5-Uni-ZS,1,volatility
0.75,0.8266612176818834,TimesFM-2.5-Uni-ZS,1,volatility
0.8,0.7960160617150879,TimesFM-2.5-Uni-ZS,1,volatility
0.85,0.7960160617150879,TimesFM-2.5-Uni-ZS,1,volatility
0.9,0.7960160617150879,TimesFM-2.5-Uni-ZS,1,volatility
0.95,0.7840856622253392,TimesFM-2.5-Uni-ZS,1,volatility
1.0,0.7676261477741295,TimesFM-2.5-Uni-ZS,1,volatility
0.0,1.0737504854133513,TimesFM-2.5-Uni-ZS,1,learned
0.05,1.0335220631580508,TimesFM-2.5-Uni-ZS,1,learned
0.1,1.0287790768452418,TimesFM-2.5-Uni-ZS,1,learned
0.15,1.0045274930344708,TimesFM-2.5-Uni-ZS,1,learned
0.2,0.9915776232244712,TimesFM-2.5-Uni-ZS,1,learned
0.25,0.9019420992943549,TimesFM-2.5-Uni-ZS,1,learned
0.3,0.8883784572393656,TimesFM-2.5-Uni-ZS,1,learned
0.35,0.885692417978476,TimesFM-2.5-Uni-ZS,1,learned
0.4,0.8620012523183403,TimesFM-2.5-Uni-ZS,1,learned
0.45,0.8717316724391267,TimesFM-2.5-Uni-ZS,1,learned
0.5,0.829509005363512,TimesFM-2.5-Uni-ZS,1,learned
0.55,0.8260400086965203,TimesFM-2.5-Uni-ZS,1,learned
0.6,0.8195849286009934,TimesFM-2.5-Uni-ZS,1,learned
0.65,0.798917422197555,TimesFM-2.5-Uni-ZS,1,learned
0.7,0.794409290158371,TimesFM-2.5-Uni-ZS,1,learned
0.75,0.7837430371978852,TimesFM-2.5-Uni-ZS,1,learned
0.8,0.7815404969921621,TimesFM-2.5-Uni-ZS,1,learned
0.85,0.7815404969921621,TimesFM-2.5-Uni-ZS,1,learned
0.9,0.781955552998259,TimesFM-2.5-Uni-ZS,1,learned
0.95,0.7840856622253392,TimesFM-2.5-Uni-ZS,1,learned
1.0,0.7676261477741295,TimesFM-2.5-Uni-ZS,1,learned
0.0,1.0737504854133513,TimesFM-2.5-Uni-ZS,1,learned_margin
0.05,1.0388813126277974,TimesFM-2.5-Uni-ZS,1,learned_margin
0.1,1.0259263177703988,TimesFM-2.5-Uni-ZS,1,learned_margin
0.15,0.9830199198695836,TimesFM-2.5-Uni-ZS,1,learned_margin
0.2,0.970854752364107,TimesFM-2.5-Uni-ZS,1,learned_margin
0.25,0.9684141517290609,TimesFM-2.5-Uni-ZS,1,learned_margin
0.3,0.9446010685792194,TimesFM-2.5-Uni-ZS,1,learned_margin
0.35,0.9117003089136613,TimesFM-2.5-Uni-ZS,1,learned_margin
0.4,0.8767317598406501,TimesFM-2.5-Uni-ZS,1,learned_margin
0.45,0.8717316724391267,TimesFM-2.5-Uni-ZS,1,learned_margin
0.5,0.840486184776602,TimesFM-2.5-Uni-ZS,1,learned_margin
0.55,0.8283157320676072,TimesFM-2.5-Uni-ZS,1,learned_margin
0.6,0.8293332515084244,TimesFM-2.5-Uni-ZS,1,learned_margin
0.65,0.794409290158371,TimesFM-2.5-Uni-ZS,1,learned_margin
0.7,0.7840856622253392,TimesFM-2.5-Uni-ZS,1,learned_margin
0.75,0.781955552998259,TimesFM-2.5-Uni-ZS,1,learned_margin
0.8,0.7840856622253392,TimesFM-2.5-Uni-ZS,1,learned_margin
0.85,0.7822987499598337,TimesFM-2.5-Uni-ZS,1,learned_margin
0.9,0.7837430371978852,TimesFM-2.5-Uni-ZS,1,learned_margin
0.95,0.7670071685033418,TimesFM-2.5-Uni-ZS,1,learned_margin
1.0,0.7676261477741295,TimesFM-2.5-Uni-ZS,1,learned_margin
0.0,1.0737504854133513,TimesFM-2.5-Uni-ZS,1,learned_enriched
0.05,1.0266523924207036,TimesFM-2.5-Uni-ZS,1,learned_enriched
0.1,0.9774398390600779,TimesFM-2.5-Uni-ZS,1,learned_enriched
0.15,0.8995690333753149,TimesFM-2.5-Uni-ZS,1,learned_enriched
0.2,0.8929603999669944,TimesFM-2.5-Uni-ZS,1,learned_enriched
0.25,0.8883784572393656,TimesFM-2.5-Uni-ZS,1,learned_enriched
0.3,0.8883784572393656,TimesFM-2.5-Uni-ZS,1,learned_enriched
0.35,0.8717316724391267,TimesFM-2.5-Uni-ZS,1,learned_enriched
0.4,0.8486840958985323,TimesFM-2.5-Uni-ZS,1,learned_enriched
0.45,0.829509005363512,TimesFM-2.5-Uni-ZS,1,learned_enriched
0.5,0.8290398340491392,TimesFM-2.5-Uni-ZS,1,learned_enriched
0.55,0.8195849286009934,TimesFM-2.5-Uni-ZS,1,learned_enriched
0.6,0.8283157320676072,TimesFM-2.5-Uni-ZS,1,learned_enriched
0.65,0.802461221502459,TimesFM-2.5-Uni-ZS,1,learned_enriched
0.7,0.7711897073004138,TimesFM-2.5-Uni-ZS,1,learned_enriched
0.75,0.7822987499598337,TimesFM-2.5-Uni-ZS,1,learned_enriched
0.8,0.7756482187217706,TimesFM-2.5-Uni-ZS,1,learned_enriched
0.85,0.7711897073004138,TimesFM-2.5-Uni-ZS,1,learned_enriched
0.9,0.7711897073004138,TimesFM-2.5-Uni-ZS,1,learned_enriched
0.95,0.7756482187217706,TimesFM-2.5-Uni-ZS,1,learned_enriched
1.0,0.7676261477741295,TimesFM-2.5-Uni-ZS,1,learned_enriched
0.0,1.0737504854133513,TimesFM-2.5-Uni-ZS,1,learned_margin_enriched
0.05,1.0421177737268432,TimesFM-2.5-Uni-ZS,1,learned_margin_enriched
0.1,1.0045274930344708,TimesFM-2.5-Uni-ZS,1,learned_margin_enriched
0.15,0.9779284582389767,TimesFM-2.5-Uni-ZS,1,learned_margin_enriched
0.2,0.9684141517290609,TimesFM-2.5-Uni-ZS,1,learned_margin_enriched
0.25,0.9498401256039978,TimesFM-2.5-Uni-ZS,1,learned_margin_enriched
0.3,0.9016168105483674,TimesFM-2.5-Uni-ZS,1,learned_margin_enriched
0.35,0.8658222087378641,TimesFM-2.5-Uni-ZS,1,learned_margin_enriched
0.4,0.8580877168267368,TimesFM-2.5-Uni-ZS,1,learned_margin_enriched
0.45,0.8334598085325341,TimesFM-2.5-Uni-ZS,1,learned_margin_enriched
0.5,0.8354629221757304,TimesFM-2.5-Uni-ZS,1,learned_margin_enriched
0.55,0.826022390111602,TimesFM-2.5-Uni-ZS,1,learned_margin_enriched
0.6,0.8049638530967484,TimesFM-2.5-Uni-ZS,1,learned_margin_enriched
0.65,0.8018905489815195,TimesFM-2.5-Uni-ZS,1,learned_margin_enriched
0.7,0.7960160617150879,TimesFM-2.5-Uni-ZS,1,learned_margin_enriched
0.75,0.7840856622253392,TimesFM-2.5-Uni-ZS,1,learned_margin_enriched
0.8,0.781955552998259,TimesFM-2.5-Uni-ZS,1,learned_margin_enriched
0.85,0.7550816273955644,TimesFM-2.5-Uni-ZS,1,learned_margin_enriched
0.9,0.7623471268811527,TimesFM-2.5-Uni-ZS,1,learned_margin_enriched
0.95,0.746123710658556,TimesFM-2.5-Uni-ZS,1,learned_margin_enriched
1.0,0.7676261477741295,TimesFM-2.5-Uni-ZS,1,learned_margin_enriched
0.0,2.594128319685006,TimesFM-2.5-Uni-ZS,24,calendar
0.05,2.6424919317942908,TimesFM-2.5-Uni-ZS,24,calendar
0.1,2.6096510610658177,TimesFM-2.5-Uni-ZS,24,calendar
0.15,2.5954496666656337,TimesFM-2.5-Uni-ZS,24,calendar
0.2,2.55592382416907,TimesFM-2.5-Uni-ZS,24,calendar
0.25,2.557017991380179,TimesFM-2.5-Uni-ZS,24,calendar
0.3,2.5744178320821454,TimesFM-2.5-Uni-ZS,24,calendar
0.35,2.547872645806161,TimesFM-2.5-Uni-ZS,24,calendar
0.4,2.547872645806161,TimesFM-2.5-Uni-ZS,24,calendar
0.45,2.4359025824065457,TimesFM-2.5-Uni-ZS,24,calendar
0.5,2.4359025824065457,TimesFM-2.5-Uni-ZS,24,calendar
0.55,2.425915839246688,TimesFM-2.5-Uni-ZS,24,calendar
0.6,2.425915839246688,TimesFM-2.5-Uni-ZS,24,calendar
0.65,2.425915839246688,TimesFM-2.5-Uni-ZS,24,calendar
0.7,2.425915839246688,TimesFM-2.5-Uni-ZS,24,calendar
0.75,2.417558779514587,TimesFM-2.5-Uni-ZS,24,calendar
0.8,2.521599410209777,TimesFM-2.5-Uni-ZS,24,calendar
0.85,2.521599410209777,TimesFM-2.5-Uni-ZS,24,calendar
0.9,2.521599410209777,TimesFM-2.5-Uni-ZS,24,calendar
0.95,2.5629848010499074,TimesFM-2.5-Uni-ZS,24,calendar
1.0,2.5629848010499074,TimesFM-2.5-Uni-ZS,24,calendar
0.0,2.594128319685006,TimesFM-2.5-Uni-ZS,24,volatility
0.05,2.594128319685006,TimesFM-2.5-Uni-ZS,24,volatility
0.1,2.592686328144775,TimesFM-2.5-Uni-ZS,24,volatility
0.15,2.594128319685006,TimesFM-2.5-Uni-ZS,24,volatility
0.2,2.594128319685006,TimesFM-2.5-Uni-ZS,24,volatility
0.25,2.594128319685006,TimesFM-2.5-Uni-ZS,24,volatility
0.3,2.594128319685006,TimesFM-2.5-Uni-ZS,24,volatility
0.35,2.603055329605465,TimesFM-2.5-Uni-ZS,24,volatility
0.4,2.603055329605465,TimesFM-2.5-Uni-ZS,24,volatility
0.45,2.603055329605465,TimesFM-2.5-Uni-ZS,24,volatility
0.5,2.55592382416907,TimesFM-2.5-Uni-ZS,24,volatility
0.55,2.603055329605465,TimesFM-2.5-Uni-ZS,24,volatility
0.6,2.603055329605465,TimesFM-2.5-Uni-ZS,24,volatility
0.65,2.603055329605465,TimesFM-2.5-Uni-ZS,24,volatility
0.7,2.603055329605465,TimesFM-2.5-Uni-ZS,24,volatility
0.75,2.603055329605465,TimesFM-2.5-Uni-ZS,24,volatility
0.8,2.595404122392759,TimesFM-2.5-Uni-ZS,24,volatility
0.85,2.720488549469413,TimesFM-2.5-Uni-ZS,24,volatility
0.9,2.720488549469413,TimesFM-2.5-Uni-ZS,24,volatility
0.95,2.720488549469413,TimesFM-2.5-Uni-ZS,24,volatility
1.0,2.5629848010499074,TimesFM-2.5-Uni-ZS,24,volatility
0.0,2.594128319685006,TimesFM-2.5-Uni-ZS,24,learned
0.05,2.544237329191832,TimesFM-2.5-Uni-ZS,24,learned
0.1,2.4106081476815797,TimesFM-2.5-Uni-ZS,24,learned
0.15,2.373541557953951,TimesFM-2.5-Uni-ZS,24,learned
0.2,2.3434314121994673,TimesFM-2.5-Uni-ZS,24,learned
0.25,2.3953916518645837,TimesFM-2.5-Uni-ZS,24,learned
0.3,2.406392078573094,TimesFM-2.5-Uni-ZS,24,learned
0.35,2.4360864933436686,TimesFM-2.5-Uni-ZS,24,learned
0.4,2.373541557953951,TimesFM-2.5-Uni-ZS,24,learned
0.45,2.330506816370674,TimesFM-2.5-Uni-ZS,24,learned
0.5,2.372149161418955,TimesFM-2.5-Uni-ZS,24,learned
0.55,2.4762916835557647,TimesFM-2.5-Uni-ZS,24,learned
0.6,2.486109534739037,TimesFM-2.5-Uni-ZS,24,learned
0.65,2.5071379660940503,TimesFM-2.5-Uni-ZS,24,learned
0.7,2.5216646414150907,TimesFM-2.5-Uni-ZS,24,learned
0.75,2.5352851865260986,TimesFM-2.5-Uni-ZS,24,learned
0.8,2.535299589268951,TimesFM-2.5-Uni-ZS,24,learned
0.85,2.5352851865260986,TimesFM-2.5-Uni-ZS,24,learned
0.9,2.4987503231744754,TimesFM-2.5-Uni-ZS,24,learned
0.95,2.521599410209777,TimesFM-2.5-Uni-ZS,24,learned
1.0,2.5629848010499074,TimesFM-2.5-Uni-ZS,24,learned
0.0,2.594128319685006,TimesFM-2.5-Uni-ZS,24,learned_margin
0.05,2.5563496354014035,TimesFM-2.5-Uni-ZS,24,learned_margin
0.1,2.478438711826177,TimesFM-2.5-Uni-ZS,24,learned_margin
0.15,2.407878118545056,TimesFM-2.5-Uni-ZS,24,learned_margin
0.2,2.3819456493452082,TimesFM-2.5-Uni-ZS,24,learned_margin
0.25,2.3444010806212767,TimesFM-2.5-Uni-ZS,24,learned_margin
0.3,2.344960414600892,TimesFM-2.5-Uni-ZS,24,learned_margin
0.35,2.3938014525301314,TimesFM-2.5-Uni-ZS,24,learned_margin
0.4,2.357179539008577,TimesFM-2.5-Uni-ZS,24,learned_margin
0.45,2.4214248199279713,TimesFM-2.5-Uni-ZS,24,learned_margin
0.5,2.3665619998372605,TimesFM-2.5-Uni-ZS,24,learned_margin
0.55,2.4214248199279713,TimesFM-2.5-Uni-ZS,24,learned_margin
0.6,2.3665619998372605,TimesFM-2.5-Uni-ZS,24,learned_margin
0.65,2.4725878646130712,TimesFM-2.5-Uni-ZS,24,learned_margin
0.7,2.4762916835557647,TimesFM-2.5-Uni-ZS,24,learned_margin
0.75,2.5114660913223985,TimesFM-2.5-Uni-ZS,24,learned_margin
0.8,2.52747139872959,TimesFM-2.5-Uni-ZS,24,learned_margin
0.85,2.52747139872959,TimesFM-2.5-Uni-ZS,24,learned_margin
0.9,2.515279345225033,TimesFM-2.5-Uni-ZS,24,learned_margin
0.95,2.532400117327405,TimesFM-2.5-Uni-ZS,24,learned_margin
1.0,2.5629848010499074,TimesFM-2.5-Uni-ZS,24,learned_margin
0.0,2.594128319685006,TimesFM-2.5-Uni-ZS,24,learned_enriched
0.05,2.4957146895559017,TimesFM-2.5-Uni-ZS,24,learned_enriched
0.1,2.4407718673929932,TimesFM-2.5-Uni-ZS,24,learned_enriched
0.15,2.4191530243985317,TimesFM-2.5-Uni-ZS,24,learned_enriched
0.2,2.414002400864794,TimesFM-2.5-Uni-ZS,24,learned_enriched
0.25,2.373541557953951,TimesFM-2.5-Uni-ZS,24,learned_enriched
0.3,2.357179539008577,TimesFM-2.5-Uni-ZS,24,learned_enriched
0.35,2.357179539008577,TimesFM-2.5-Uni-ZS,24,learned_enriched
0.4,2.357179539008577,TimesFM-2.5-Uni-ZS,24,learned_enriched
0.45,2.3626361624918646,TimesFM-2.5-Uni-ZS,24,learned_enriched
0.5,2.3962403981503098,TimesFM-2.5-Uni-ZS,24,learned_enriched
0.55,2.348697812079892,TimesFM-2.5-Uni-ZS,24,learned_enriched
0.6,2.348697812079892,TimesFM-2.5-Uni-ZS,24,learned_enriched
0.65,2.3665619998372605,TimesFM-2.5-Uni-ZS,24,learned_enriched
0.7,2.4214248199279713,TimesFM-2.5-Uni-ZS,24,learned_enriched
0.75,2.4606935778835846,TimesFM-2.5-Uni-ZS,24,learned_enriched
0.8,2.4606935778835846,TimesFM-2.5-Uni-ZS,24,learned_enriched
0.85,2.4987503231744754,TimesFM-2.5-Uni-ZS,24,learned_enriched
0.9,2.483297798886647,TimesFM-2.5-Uni-ZS,24,learned_enriched
0.95,2.5621911889523052,TimesFM-2.5-Uni-ZS,24,learned_enriched
1.0,2.5629848010499074,TimesFM-2.5-Uni-ZS,24,learned_enriched
0.0,2.594128319685006,TimesFM-2.5-Uni-ZS,24,learned_margin_enriched
0.05,2.573573352359491,TimesFM-2.5-Uni-ZS,24,learned_margin_enriched
0.1,2.4681115295006393,TimesFM-2.5-Uni-ZS,24,learned_margin_enriched
0.15,2.4681115295006393,TimesFM-2.5-Uni-ZS,24,learned_margin_enriched
0.2,2.437064505875475,TimesFM-2.5-Uni-ZS,24,learned_margin_enriched
0.25,2.397189379364774,TimesFM-2.5-Uni-ZS,24,learned_margin_enriched
0.3,2.396309984830578,TimesFM-2.5-Uni-ZS,24,learned_margin_enriched
0.35,2.3439840119143374,TimesFM-2.5-Uni-ZS,24,learned_margin_enriched
0.4,2.348697812079892,TimesFM-2.5-Uni-ZS,24,learned_margin_enriched
0.45,2.3426192663103986,TimesFM-2.5-Uni-ZS,24,learned_margin_enriched
0.5,2.3665619998372605,TimesFM-2.5-Uni-ZS,24,learned_margin_enriched
0.55,2.3950963140576853,TimesFM-2.5-Uni-ZS,24,learned_margin_enriched
0.6,2.431189187977513,TimesFM-2.5-Uni-ZS,24,learned_margin_enriched
0.65,2.431189187977513,TimesFM-2.5-Uni-ZS,24,learned_margin_enriched
0.7,2.4725878646130712,TimesFM-2.5-Uni-ZS,24,learned_margin_enriched
0.75,2.485869405202699,TimesFM-2.5-Uni-ZS,24,learned_margin_enriched
0.8,2.5216646414150907,TimesFM-2.5-Uni-ZS,24,learned_margin_enriched
0.85,2.4606935778835846,TimesFM-2.5-Uni-ZS,24,learned_margin_enriched
0.9,2.506182628337003,TimesFM-2.5-Uni-ZS,24,learned_margin_enriched
0.95,2.557017991380179,TimesFM-2.5-Uni-ZS,24,learned_margin_enriched
1.0,2.5629848010499074,TimesFM-2.5-Uni-ZS,24,learned_margin_enriched
0.0,3.678669577916249,TimesFM-2.5-Uni-ZS,168,calendar
0.05,3.617473695164396,TimesFM-2.5-Uni-ZS,168,calendar
0.1,3.617473695164396,TimesFM-2.5-Uni-ZS,168,calendar
0.15,3.678669577916249,TimesFM-2.5-Uni-ZS,168,calendar
0.2,3.775138907559283,TimesFM-2.5-Uni-ZS,168,calendar
0.25,3.852604101316024,TimesFM-2.5-Uni-ZS,168,calendar
0.3,3.852604101316024,TimesFM-2.5-Uni-ZS,168,calendar
0.35,3.852604101316024,TimesFM-2.5-Uni-ZS,168,calendar
0.4,3.9167993660948404,TimesFM-2.5-Uni-ZS,168,calendar
0.45,3.9167993660948404,TimesFM-2.5-Uni-ZS,168,calendar
0.5,3.847143421642407,TimesFM-2.5-Uni-ZS,168,calendar
0.55,3.847143421642407,TimesFM-2.5-Uni-ZS,168,calendar
0.6,3.847143421642407,TimesFM-2.5-Uni-ZS,168,calendar
0.65,3.9472119728671573,TimesFM-2.5-Uni-ZS,168,calendar
0.7,3.9472119728671573,TimesFM-2.5-Uni-ZS,168,calendar
0.75,4.007367632442225,TimesFM-2.5-Uni-ZS,168,calendar
0.8,4.007367632442225,TimesFM-2.5-Uni-ZS,168,calendar
0.85,3.9666992510758026,TimesFM-2.5-Uni-ZS,168,calendar
0.9,3.9711588932213555,TimesFM-2.5-Uni-ZS,168,calendar
0.95,3.9711588932213555,TimesFM-2.5-Uni-ZS,168,calendar
1.0,4.128435765614645,TimesFM-2.5-Uni-ZS,168,calendar
0.0,3.678669577916249,TimesFM-2.5-Uni-ZS,168,volatility
0.05,3.8141332739560023,TimesFM-2.5-Uni-ZS,168,volatility
0.1,3.8141332739560023,TimesFM-2.5-Uni-ZS,168,volatility
0.15,3.8141332739560023,TimesFM-2.5-Uni-ZS,168,volatility
0.2,4.123687630393572,TimesFM-2.5-Uni-ZS,168,volatility
0.25,3.9711588932213555,TimesFM-2.5-Uni-ZS,168,volatility
0.3,3.9711588932213555,TimesFM-2.5-Uni-ZS,168,volatility
0.35,3.9711588932213555,TimesFM-2.5-Uni-ZS,168,volatility
0.4,3.9711588932213555,TimesFM-2.5-Uni-ZS,168,volatility
0.45,3.9711588932213555,TimesFM-2.5-Uni-ZS,168,volatility
0.5,3.9711588932213555,TimesFM-2.5-Uni-ZS,168,volatility
0.55,3.9711588932213555,TimesFM-2.5-Uni-ZS,168,volatility
0.6,3.9711588932213555,TimesFM-2.5-Uni-ZS,168,volatility
0.65,3.9711588932213555,TimesFM-2.5-Uni-ZS,168,volatility
0.7,3.9711588932213555,TimesFM-2.5-Uni-ZS,168,volatility
0.75,3.9711588932213555,TimesFM-2.5-Uni-ZS,168,volatility
0.8,3.9711588932213555,TimesFM-2.5-Uni-ZS,168,volatility
0.85,3.9711588932213555,TimesFM-2.5-Uni-ZS,168,volatility
0.9,4.0448283646769445,TimesFM-2.5-Uni-ZS,168,volatility
0.95,4.128435765614645,TimesFM-2.5-Uni-ZS,168,volatility
1.0,4.128435765614645,TimesFM-2.5-Uni-ZS,168,volatility
0.0,3.678669577916249,TimesFM-2.5-Uni-ZS,168,learned
0.05,3.617473695164396,TimesFM-2.5-Uni-ZS,168,learned
0.1,3.6998688460242084,TimesFM-2.5-Uni-ZS,168,learned
0.15,3.7354519391686263,TimesFM-2.5-Uni-ZS,168,learned
0.2,3.678669577916249,TimesFM-2.5-Uni-ZS,168,learned
0.25,3.7384236494231895,TimesFM-2.5-Uni-ZS,168,learned
0.3,3.6241113845752544,TimesFM-2.5-Uni-ZS,168,learned
0.35,3.679762363719893,TimesFM-2.5-Uni-ZS,168,learned
0.4,3.665085993404669,TimesFM-2.5-Uni-ZS,168,learned
0.45,3.6850168685675193,TimesFM-2.5-Uni-ZS,168,learned
0.5,3.7601826413674644,TimesFM-2.5-Uni-ZS,168,learned
0.55,3.741005149020754,TimesFM-2.5-Uni-ZS,168,learned
0.6,3.8052735642851347,TimesFM-2.5-Uni-ZS,168,learned
0.65,3.8052735642851347,TimesFM-2.5-Uni-ZS,168,learned
0.7,3.801568228115495,TimesFM-2.5-Uni-ZS,168,learned
0.75,3.919440484694033,TimesFM-2.5-Uni-ZS,168,learned
0.8,3.961758448914564,TimesFM-2.5-Uni-ZS,168,learned
0.85,3.9666992510758026,TimesFM-2.5-Uni-ZS,168,learned
0.9,4.057890177243303,TimesFM-2.5-Uni-ZS,168,learned
0.95,4.161715485969964,TimesFM-2.5-Uni-ZS,168,learned
1.0,4.128435765614645,TimesFM-2.5-Uni-ZS,168,learned
0.0,3.678669577916249,TimesFM-2.5-Uni-ZS,168,learned_margin
0.05,3.640390808093818,TimesFM-2.5-Uni-ZS,168,learned_margin
0.1,3.6998688460242084,TimesFM-2.5-Uni-ZS,168,learned_margin
0.15,3.775138907559283,TimesFM-2.5-Uni-ZS,168,learned_margin
0.2,3.7601826413674644,TimesFM-2.5-Uni-ZS,168,learned_margin
0.25,3.7237526994664494,TimesFM-2.5-Uni-ZS,168,learned_margin
0.3,3.741005149020754,TimesFM-2.5-Uni-ZS,168,learned_margin
0.35,3.7384236494231895,TimesFM-2.5-Uni-ZS,168,learned_margin
0.4,3.791975138176627,TimesFM-2.5-Uni-ZS,168,learned_margin
0.45,3.811372946545166,TimesFM-2.5-Uni-ZS,168,learned_margin
0.5,3.818789124714862,TimesFM-2.5-Uni-ZS,168,learned_margin
0.55,3.8833366457842824,TimesFM-2.5-Uni-ZS,168,learned_margin
0.6,3.9066722668636493,TimesFM-2.5-Uni-ZS,168,learned_margin
0.65,3.973525029176392,TimesFM-2.5-Uni-ZS,168,learned_margin
0.7,3.973525029176392,TimesFM-2.5-Uni-ZS,168,learned_margin
0.75,4.009966722496474,TimesFM-2.5-Uni-ZS,168,learned_margin
0.8,4.115102529367968,TimesFM-2.5-Uni-ZS,168,learned_margin
0.85,4.0448283646769445,TimesFM-2.5-Uni-ZS,168,learned_margin
0.9,4.009966722496474,TimesFM-2.5-Uni-ZS,168,learned_margin
0.95,4.067439485339035,TimesFM-2.5-Uni-ZS,168,learned_margin
1.0,4.128435765614645,TimesFM-2.5-Uni-ZS,168,learned_margin
0.0,3.678669577916249,TimesFM-2.5-Uni-ZS,168,learned_enriched
0.05,3.7380753449257575,TimesFM-2.5-Uni-ZS,168,learned_enriched
0.1,3.7380753449257575,TimesFM-2.5-Uni-ZS,168,learned_enriched
0.15,3.640390808093818,TimesFM-2.5-Uni-ZS,168,learned_enriched
0.2,3.640390808093818,TimesFM-2.5-Uni-ZS,168,learned_enriched
0.25,3.627206832579972,TimesFM-2.5-Uni-ZS,168,learned_enriched
0.3,3.678669577916249,TimesFM-2.5-Uni-ZS,168,learned_enriched
0.35,3.681114234216412,TimesFM-2.5-Uni-ZS,168,learned_enriched
0.4,3.717587524411239,TimesFM-2.5-Uni-ZS,168,learned_enriched
0.45,3.662077063373433,TimesFM-2.5-Uni-ZS,168,learned_enriched
0.5,3.6789232944384835,TimesFM-2.5-Uni-ZS,168,learned_enriched
0.55,3.7237526994664494,TimesFM-2.5-Uni-ZS,168,learned_enriched
0.6,3.801568228115495,TimesFM-2.5-Uni-ZS,168,learned_enriched
0.65,3.8052735642851347,TimesFM-2.5-Uni-ZS,168,learned_enriched
0.7,3.8052735642851347,TimesFM-2.5-Uni-ZS,168,learned_enriched
0.75,3.9066722668636493,TimesFM-2.5-Uni-ZS,168,learned_enriched
0.8,3.847143421642407,TimesFM-2.5-Uni-ZS,168,learned_enriched
0.85,3.973525029176392,TimesFM-2.5-Uni-ZS,168,learned_enriched
0.9,4.115102529367968,TimesFM-2.5-Uni-ZS,168,learned_enriched
0.95,3.9666992510758026,TimesFM-2.5-Uni-ZS,168,learned_enriched
1.0,4.128435765614645,TimesFM-2.5-Uni-ZS,168,learned_enriched
0.0,3.678669577916249,TimesFM-2.5-Uni-ZS,168,learned_margin_enriched
0.05,3.678669577916249,TimesFM-2.5-Uni-ZS,168,learned_margin_enriched
0.1,3.7380753449257575,TimesFM-2.5-Uni-ZS,168,learned_margin_enriched
0.15,3.678669577916249,TimesFM-2.5-Uni-ZS,168,learned_margin_enriched
0.2,3.617473695164396,TimesFM-2.5-Uni-ZS,168,learned_margin_enriched
0.25,3.662077063373433,TimesFM-2.5-Uni-ZS,168,learned_margin_enriched
0.3,3.7237526994664494,TimesFM-2.5-Uni-ZS,168,learned_margin_enriched
0.35,3.717049854361802,TimesFM-2.5-Uni-ZS,168,learned_margin_enriched
0.4,3.7443105676410724,TimesFM-2.5-Uni-ZS,168,learned_margin_enriched
0.45,3.7443105676410724,TimesFM-2.5-Uni-ZS,168,learned_margin_enriched
0.5,3.665085993404669,TimesFM-2.5-Uni-ZS,168,learned_margin_enriched
0.55,3.6850168685675193,TimesFM-2.5-Uni-ZS,168,learned_margin_enriched
0.6,3.7237526994664494,TimesFM-2.5-Uni-ZS,168,learned_margin_enriched
0.65,3.7443105676410724,TimesFM-2.5-Uni-ZS,168,learned_margin_enriched
0.7,3.8092872787750784,TimesFM-2.5-Uni-ZS,168,learned_margin_enriched
0.75,3.8052735642851347,TimesFM-2.5-Uni-ZS,168,learned_margin_enriched
0.8,3.863805403482045,TimesFM-2.5-Uni-ZS,168,learned_margin_enriched
0.85,3.9195481106094077,TimesFM-2.5-Uni-ZS,168,learned_margin_enriched
0.9,3.9195481106094077,TimesFM-2.5-Uni-ZS,168,learned_margin_enriched
0.95,3.9666992510758026,TimesFM-2.5-Uni-ZS,168,learned_margin_enriched
1.0,4.128435765614645,TimesFM-2.5-Uni-ZS,168,learned_margin_enriched
0.0,5.670981354745334,TimesFM-2.5-Uni-ZS,720,calendar
0.05,5.764897177930153,TimesFM-2.5-Uni-ZS,720,calendar
0.1,5.771878384440062,TimesFM-2.5-Uni-ZS,720,calendar
0.15,5.771878384440062,TimesFM-2.5-Uni-ZS,720,calendar
0.2,5.906582171645247,TimesFM-2.5-Uni-ZS,720,calendar
0.25,5.906582171645247,TimesFM-2.5-Uni-ZS,720,calendar
0.3,5.906582171645247,TimesFM-2.5-Uni-ZS,720,calendar
0.35,5.906582171645247,TimesFM-2.5-Uni-ZS,720,calendar
0.4,6.0915679153924565,TimesFM-2.5-Uni-ZS,720,calendar
0.45,6.0915679153924565,TimesFM-2.5-Uni-ZS,720,calendar
0.5,6.180299907649032,TimesFM-2.5-Uni-ZS,720,calendar
0.55,6.201103090883078,TimesFM-2.5-Uni-ZS,720,calendar
0.6,6.2384186352723905,TimesFM-2.5-Uni-ZS,720,calendar
0.65,6.2384186352723905,TimesFM-2.5-Uni-ZS,720,calendar
0.7,6.5132206961393715,TimesFM-2.5-Uni-ZS,720,calendar
0.75,6.5132206961393715,TimesFM-2.5-Uni-ZS,720,calendar
0.8,6.3731123856086676,TimesFM-2.5-Uni-ZS,720,calendar
0.85,6.3731123856086676,TimesFM-2.5-Uni-ZS,720,calendar
0.9,6.556245545093037,TimesFM-2.5-Uni-ZS,720,calendar
0.95,6.556245545093037,TimesFM-2.5-Uni-ZS,720,calendar
1.0,6.588647057776783,TimesFM-2.5-Uni-ZS,720,calendar
0.0,5.670981354745334,TimesFM-2.5-Uni-ZS,720,volatility
0.05,5.764897177930153,TimesFM-2.5-Uni-ZS,720,volatility
0.1,5.764897177930153,TimesFM-2.5-Uni-ZS,720,volatility
0.15,5.670981354745334,TimesFM-2.5-Uni-ZS,720,volatility
0.2,6.315940697779564,TimesFM-2.5-Uni-ZS,720,volatility
0.25,6.315940697779564,TimesFM-2.5-Uni-ZS,720,volatility
0.3,6.315940697779564,TimesFM-2.5-Uni-ZS,720,volatility
0.35,6.315940697779564,TimesFM-2.5-Uni-ZS,720,volatility
0.4,6.315940697779564,TimesFM-2.5-Uni-ZS,720,volatility
0.45,6.367006667338145,TimesFM-2.5-Uni-ZS,720,volatility
0.5,6.367006667338145,TimesFM-2.5-Uni-ZS,720,volatility
0.55,6.367006667338145,TimesFM-2.5-Uni-ZS,720,volatility
0.6,6.588647057776783,TimesFM-2.5-Uni-ZS,720,volatility
0.65,6.599258266208163,TimesFM-2.5-Uni-ZS,720,volatility
0.7,6.588647057776783,TimesFM-2.5-Uni-ZS,720,volatility
0.75,6.588647057776783,TimesFM-2.5-Uni-ZS,720,volatility
0.8,6.650944218247043,TimesFM-2.5-Uni-ZS,720,volatility
0.85,7.074553166532798,TimesFM-2.5-Uni-ZS,720,volatility
0.9,7.074553166532798,TimesFM-2.5-Uni-ZS,720,volatility
0.95,7.074553166532798,TimesFM-2.5-Uni-ZS,720,volatility
1.0,6.588647057776783,TimesFM-2.5-Uni-ZS,720,volatility
0.0,5.670981354745334,TimesFM-2.5-Uni-ZS,720,learned
0.05,5.659234851144269,TimesFM-2.5-Uni-ZS,720,learned
0.1,5.580308644358799,TimesFM-2.5-Uni-ZS,720,learned
0.15,5.468070055571989,TimesFM-2.5-Uni-ZS,720,learned
0.2,5.576786252982568,TimesFM-2.5-Uni-ZS,720,learned
0.25,5.375719767577357,TimesFM-2.5-Uni-ZS,720,learned
0.3,5.375719767577357,TimesFM-2.5-Uni-ZS,720,learned
0.35,5.485801446404071,TimesFM-2.5-Uni-ZS,720,learned
0.4,5.511956689566669,TimesFM-2.5-Uni-ZS,720,learned
0.45,5.540625387206714,TimesFM-2.5-Uni-ZS,720,learned
0.5,5.538402061041317,TimesFM-2.5-Uni-ZS,720,learned
0.55,5.682341785143178,TimesFM-2.5-Uni-ZS,720,learned
0.6,5.938725154996353,TimesFM-2.5-Uni-ZS,720,learned
0.65,6.02902140742641,TimesFM-2.5-Uni-ZS,720,learned
0.7,5.938725154996353,TimesFM-2.5-Uni-ZS,720,learned
0.75,5.748611200051229,TimesFM-2.5-Uni-ZS,720,learned
0.8,5.910822864079903,TimesFM-2.5-Uni-ZS,720,learned
0.85,6.0915679153924565,TimesFM-2.5-Uni-ZS,720,learned
0.9,6.180299907649032,TimesFM-2.5-Uni-ZS,720,learned
0.95,6.272307744110872,TimesFM-2.5-Uni-ZS,720,learned
1.0,6.588647057776783,TimesFM-2.5-Uni-ZS,720,learned
0.0,5.670981354745334,TimesFM-2.5-Uni-ZS,720,learned_margin
0.05,5.659234851144269,TimesFM-2.5-Uni-ZS,720,learned_margin
0.1,5.573898016053914,TimesFM-2.5-Uni-ZS,720,learned_margin
0.15,5.468070055571989,TimesFM-2.5-Uni-ZS,720,learned_margin
0.2,5.364457676597636,TimesFM-2.5-Uni-ZS,720,learned_margin
0.25,5.412565642859553,TimesFM-2.5-Uni-ZS,720,learned_margin
0.3,5.4853287801475,TimesFM-2.5-Uni-ZS,720,learned_margin
0.35,5.651923810459777,TimesFM-2.5-Uni-ZS,720,learned_margin
0.4,5.4774413254756,TimesFM-2.5-Uni-ZS,720,learned_margin
0.45,5.485801446404071,TimesFM-2.5-Uni-ZS,720,learned_margin
0.5,5.522905619357882,TimesFM-2.5-Uni-ZS,720,learned_margin
0.55,5.540625387206714,TimesFM-2.5-Uni-ZS,720,learned_margin
0.6,5.618117555149642,TimesFM-2.5-Uni-ZS,720,learned_margin
0.65,5.686110976576138,TimesFM-2.5-Uni-ZS,720,learned_margin
0.7,5.869167226715408,TimesFM-2.5-Uni-ZS,720,learned_margin
0.75,5.917836824685267,TimesFM-2.5-Uni-ZS,720,learned_margin
0.8,5.956999899075062,TimesFM-2.5-Uni-ZS,720,learned_margin
0.85,6.077224621667457,TimesFM-2.5-Uni-ZS,720,learned_margin
0.9,6.1691916186053,TimesFM-2.5-Uni-ZS,720,learned_margin
0.95,6.405895515692007,TimesFM-2.5-Uni-ZS,720,learned_margin
1.0,6.588647057776783,TimesFM-2.5-Uni-ZS,720,learned_margin
0.0,5.670981354745334,TimesFM-2.5-Uni-ZS,720,learned_enriched
0.05,5.598740681042349,TimesFM-2.5-Uni-ZS,720,learned_enriched
0.1,5.403120900265897,TimesFM-2.5-Uni-ZS,720,learned_enriched
0.15,5.254258681794669,TimesFM-2.5-Uni-ZS,720,learned_enriched
0.2,5.263437826929746,TimesFM-2.5-Uni-ZS,720,learned_enriched
0.25,5.263437826929746,TimesFM-2.5-Uni-ZS,720,learned_enriched
0.3,5.576786252982568,TimesFM-2.5-Uni-ZS,720,learned_enriched
0.35,5.576786252982568,TimesFM-2.5-Uni-ZS,720,learned_enriched
0.4,5.680949995790086,TimesFM-2.5-Uni-ZS,720,learned_enriched
0.45,5.682341785143178,TimesFM-2.5-Uni-ZS,720,learned_enriched
0.5,5.910822864079903,TimesFM-2.5-Uni-ZS,720,learned_enriched
0.55,5.938725154996353,TimesFM-2.5-Uni-ZS,720,learned_enriched
0.6,5.994706302314408,TimesFM-2.5-Uni-ZS,720,learned_enriched
0.65,5.994706302314408,TimesFM-2.5-Uni-ZS,720,learned_enriched
0.7,5.682341785143178,TimesFM-2.5-Uni-ZS,720,learned_enriched
0.75,5.892531219711383,TimesFM-2.5-Uni-ZS,720,learned_enriched
0.8,5.910822864079903,TimesFM-2.5-Uni-ZS,720,learned_enriched
0.85,5.967888268015462,TimesFM-2.5-Uni-ZS,720,learned_enriched
0.9,5.974930409560763,TimesFM-2.5-Uni-ZS,720,learned_enriched
0.95,6.180299907649032,TimesFM-2.5-Uni-ZS,720,learned_enriched
1.0,6.588647057776783,TimesFM-2.5-Uni-ZS,720,learned_enriched
0.0,5.670981354745334,TimesFM-2.5-Uni-ZS,720,learned_margin_enriched
0.05,5.559590400803569,TimesFM-2.5-Uni-ZS,720,learned_margin_enriched
0.1,5.092605932325823,TimesFM-2.5-Uni-ZS,720,learned_margin_enriched
0.15,5.196370164243341,TimesFM-2.5-Uni-ZS,720,learned_margin_enriched
0.2,5.196370164243341,TimesFM-2.5-Uni-ZS,720,learned_margin_enriched
0.25,5.32529441818643,TimesFM-2.5-Uni-ZS,720,learned_margin_enriched
0.3,5.329974212312787,TimesFM-2.5-Uni-ZS,720,learned_margin_enriched
0.35,5.32529441818643,TimesFM-2.5-Uni-ZS,720,learned_margin_enriched
0.4,5.522905619357882,TimesFM-2.5-Uni-ZS,720,learned_margin_enriched
0.45,5.576786252982568,TimesFM-2.5-Uni-ZS,720,learned_margin_enriched
0.5,5.576786252982568,TimesFM-2.5-Uni-ZS,720,learned_margin_enriched
0.55,5.624444155642714,TimesFM-2.5-Uni-ZS,720,learned_margin_enriched
0.6,5.65326175647205,TimesFM-2.5-Uni-ZS,720,learned_margin_enriched
0.65,5.690711237777973,TimesFM-2.5-Uni-ZS,720,learned_margin_enriched
0.7,5.917836824685267,TimesFM-2.5-Uni-ZS,720,learned_margin_enriched
0.75,5.917836824685267,TimesFM-2.5-Uni-ZS,720,learned_margin_enriched
0.8,5.923830574691428,TimesFM-2.5-Uni-ZS,720,learned_margin_enriched
0.85,5.931378861743918,TimesFM-2.5-Uni-ZS,720,learned_margin_enriched
0.9,6.077224621667457,TimesFM-2.5-Uni-ZS,720,learned_margin_enriched
0.95,6.276216605119258,TimesFM-2.5-Uni-ZS,720,learned_margin_enriched
1.0,6.588647057776783,TimesFM-2.5-Uni-ZS,720,learned_margin_enriched
