fm,horizon,policy,best_fixed,oracle,oracle_gain_pp,frozen_budget,frozen_ape,frozen_gain_pp,frozen_gap_closed,natural_frac,natural_ape,natural_gain_pp,oracle_sel_frac,oracle_sel_ape,oracle_sel_gain_pp
Chronos-2-Uni-ZS,1,calendar,0.7743,0.5118,0.2625,0.95,0.7867,-0.0124,-0.0472,1.0,0.7743,0.0,1.0,0.7743,0.0
Chronos-2-Uni-ZS,1,volatility,0.7743,0.5118,0.2625,1.0,0.7743,0.0,0.0,0.557,0.9937,-0.2194,1.0,0.7743,0.0
Chronos-2-Uni-ZS,1,learned,0.7743,0.5118,0.2625,0.85,0.7743,0.0,0.0,0.8744,0.7694,0.0049,0.95,0.7681,0.0062
Chronos-2-Uni-ZS,1,learned_margin,0.7743,0.5118,0.2625,0.95,0.7681,0.0062,0.0235,0.9387,0.7683,0.0059,0.9,0.7662,0.0081
Chronos-2-Uni-ZS,1,learned_enriched,0.7743,0.5118,0.2625,0.8,0.7624,0.0119,0.0453,0.8369,0.7624,0.0119,0.75,0.7431,0.0312
Chronos-2-Uni-ZS,1,learned_margin_enriched,0.7743,0.5118,0.2625,0.95,0.7631,0.0112,0.0426,0.9135,0.7743,0.0,0.95,0.7631,0.0112
Chronos-2-Uni-ZS,24,calendar,2.1446,1.5476,0.5971,0.9,2.125,0.0196,0.0328,1.0,2.1446,0.0,0.8,2.125,0.0196
Chronos-2-Uni-ZS,24,volatility,2.1446,1.5476,0.5971,1.0,2.1446,0.0,0.0,0.558,2.3548,-0.2102,0.85,2.1446,0.0
Chronos-2-Uni-ZS,24,learned,2.1446,1.5476,0.5971,0.9,2.0964,0.0482,0.0808,0.8138,2.0964,0.0482,0.6,2.073,0.0717
Chronos-2-Uni-ZS,24,learned_margin,2.1446,1.5476,0.5971,0.9,2.1193,0.0253,0.0424,0.7264,2.1139,0.0307,0.95,2.1047,0.0399
Chronos-2-Uni-ZS,24,learned_enriched,2.1446,1.5476,0.5971,0.8,2.111,0.0336,0.0563,0.8083,2.103,0.0416,0.7,2.0627,0.0819
Chronos-2-Uni-ZS,24,learned_margin_enriched,2.1446,1.5476,0.5971,0.95,2.094,0.0506,0.0847,0.8428,2.0951,0.0495,0.7,2.0914,0.0533
Chronos-2-Uni-ZS,168,calendar,3.6787,2.6774,1.0013,0.0,3.6787,0.0,0.0,0.2164,3.6088,0.0699,0.1,3.6,0.0787
Chronos-2-Uni-ZS,168,volatility,3.6787,2.6774,1.0013,0.0,3.6787,0.0,0.0,0.5565,4.1839,-0.5052,0.0,3.6787,0.0
Chronos-2-Uni-ZS,168,learned,3.6787,2.6774,1.0013,0.0,3.6787,0.0,0.0,0.4496,3.5674,0.1113,0.35,3.5674,0.1113
Chronos-2-Uni-ZS,168,learned_margin,3.6787,2.6774,1.0013,0.0,3.6787,0.0,0.0,0.3994,3.6686,0.0101,0.1,3.5928,0.0858
Chronos-2-Uni-ZS,168,learned_enriched,3.6787,2.6774,1.0013,0.0,3.6787,0.0,0.0,0.48,3.6686,0.0101,0.2,3.4942,0.1845
Chronos-2-Uni-ZS,168,learned_margin_enriched,3.6787,2.6774,1.0013,0.0,3.6787,0.0,0.0,0.488,3.6798,-0.0011,0.4,3.5377,0.1409
Chronos-2-Uni-ZS,720,calendar,5.671,4.1445,1.5265,0.0,5.671,0.0,0.0,0.0,5.671,0.0,0.0,5.671,0.0
Chronos-2-Uni-ZS,720,volatility,5.671,4.1445,1.5265,0.0,5.671,0.0,0.0,0.5564,6.5385,-0.8675,0.0,5.671,0.0
Chronos-2-Uni-ZS,720,learned,5.671,4.1445,1.5265,0.15,5.5477,0.1233,0.0808,0.2961,5.6441,0.0269,0.15,5.5477,0.1233
Chronos-2-Uni-ZS,720,learned_margin,5.671,4.1445,1.5265,0.15,5.664,0.007,0.0046,0.2368,5.664,0.007,0.2,5.6244,0.0465
Chronos-2-Uni-ZS,720,learned_enriched,5.671,4.1445,1.5265,0.3,5.5768,0.0942,0.0617,0.3476,5.5768,0.0942,0.1,5.3635,0.3075
Chronos-2-Uni-ZS,720,learned_margin_enriched,5.671,4.1445,1.5265,0.3,5.5045,0.1665,0.1091,0.3209,5.5045,0.1665,0.1,5.3635,0.3075
TimesFM-2.5-Uni-ZS,1,calendar,0.7676,0.5439,0.2237,1.0,0.7676,0.0,0.0,1.0,0.7676,0.0,1.0,0.7676,0.0
TimesFM-2.5-Uni-ZS,1,volatility,0.7676,0.5439,0.2237,1.0,0.7676,0.0,0.0,0.557,0.9658,-0.1982,1.0,0.7676,0.0
TimesFM-2.5-Uni-ZS,1,learned,0.7676,0.5439,0.2237,1.0,0.7676,0.0,0.0,0.9459,0.7756,-0.008,1.0,0.7676,0.0
TimesFM-2.5-Uni-ZS,1,learned_margin,0.7676,0.5439,0.2237,0.9,0.7837,-0.0161,-0.072,0.9766,0.7676,0.0,0.95,0.767,0.0006
TimesFM-2.5-Uni-ZS,1,learned_enriched,0.7676,0.5439,0.2237,0.8,0.7756,-0.008,-0.0359,0.9143,0.767,0.0006,1.0,0.7676,0.0
TimesFM-2.5-Uni-ZS,1,learned_margin_enriched,0.7676,0.5439,0.2237,0.9,0.7623,0.0053,0.0236,0.9517,0.7612,0.0064,0.95,0.7461,0.0215
TimesFM-2.5-Uni-ZS,24,calendar,2.563,1.5304,1.0325,0.65,2.4259,0.1371,0.1327,0.4684,2.4359,0.1271,0.75,2.4176,0.1454
TimesFM-2.5-Uni-ZS,24,volatility,2.563,1.5304,1.0325,1.0,2.563,0.0,0.0,0.558,2.6031,-0.0401,0.5,2.5559,0.0071
TimesFM-2.5-Uni-ZS,24,learned,2.563,1.5304,1.0325,0.6,2.4861,0.0769,0.0745,0.5513,2.4681,0.0949,0.45,2.3305,0.2325
TimesFM-2.5-Uni-ZS,24,learned_margin,2.563,1.5304,1.0325,0.45,2.4214,0.1416,0.1371,0.5108,2.4214,0.1416,0.25,2.3444,0.2186
TimesFM-2.5-Uni-ZS,24,learned_enriched,2.563,1.5304,1.0325,0.4,2.3572,0.2058,0.1993,0.5555,2.3487,0.2143,0.55,2.3487,0.2143
TimesFM-2.5-Uni-ZS,24,learned_margin_enriched,2.563,1.5304,1.0325,0.6,2.4312,0.1318,0.1276,0.5604,2.4143,0.1487,0.45,2.3426,0.2204
TimesFM-2.5-Uni-ZS,168,calendar,3.6787,2.466,1.2127,0.0,3.6787,0.0,0.0,0.1396,3.6175,0.0612,0.05,3.6175,0.0612
TimesFM-2.5-Uni-ZS,168,volatility,3.6787,2.466,1.2127,0.0,3.6787,0.0,0.0,0.5565,3.9712,-0.2925,0.0,3.6787,0.0
TimesFM-2.5-Uni-ZS,168,learned,3.6787,2.466,1.2127,0.0,3.6787,0.0,0.0,0.2536,3.7176,-0.0389,0.05,3.6175,0.0612
TimesFM-2.5-Uni-ZS,168,learned_margin,3.6787,2.466,1.2127,0.0,3.6787,0.0,0.0,0.3003,3.741,-0.0623,0.05,3.6404,0.0383
TimesFM-2.5-Uni-ZS,168,learned_enriched,3.6787,2.466,1.2127,0.0,3.6787,0.0,0.0,0.2772,3.6404,0.0383,0.25,3.6272,0.0515
TimesFM-2.5-Uni-ZS,168,learned_margin_enriched,3.6787,2.466,1.2127,0.0,3.6787,0.0,0.0,0.3483,3.717,-0.0384,0.2,3.6175,0.0612
TimesFM-2.5-Uni-ZS,720,calendar,5.671,3.7821,1.8889,0.0,5.671,0.0,0.0,0.0,5.671,0.0,0.0,5.671,0.0
TimesFM-2.5-Uni-ZS,720,volatility,5.671,3.7821,1.8889,0.0,5.671,0.0,0.0,0.5564,6.4833,-0.8123,0.0,5.671,0.0
TimesFM-2.5-Uni-ZS,720,learned,5.671,3.7821,1.8889,0.35,5.4858,0.1852,0.098,0.3078,5.3191,0.3518,0.25,5.3757,0.2953
TimesFM-2.5-Uni-ZS,720,learned_margin,5.671,3.7821,1.8889,0.4,5.4774,0.1935,0.1025,0.2664,5.4612,0.2097,0.2,5.3645,0.3065
TimesFM-2.5-Uni-ZS,720,learned_enriched,5.671,3.7821,1.8889,0.5,5.9108,-0.2398,-0.127,0.3727,5.6809,-0.01,0.15,5.2543,0.4167
TimesFM-2.5-Uni-ZS,720,learned_margin_enriched,5.671,3.7821,1.8889,0.3,5.33,0.341,0.1805,0.3357,5.3126,0.3584,0.1,5.0926,0.5784
