family,fm,horizon,best_fixed,fixed_choice,cc_static,cc_picks_fm,router,router_over_cc_pp,lo,hi,headroom_pp,captured,escalated
budget,Chronos-2-Uni-ZS,1,1.2867,expensive,1.2867,19,1.2497,0.0369,0.0192,0.0572,0.3786,0.0975,0.8965
budget,Chronos-2-Uni-ZS,24,3.5458,expensive,3.5458,19,3.332,0.2139,0.1415,0.2889,0.8741,0.2447,0.8969
budget,Chronos-2-Uni-ZS,168,5.6986,cheap,5.6231,2,5.4545,0.1686,0.0813,0.2684,1.2432,0.1356,0.4644
budget,Chronos-2-Uni-ZS,720,7.4804,cheap,7.3954,1,7.1281,0.2673,0.1176,0.4778,1.6407,0.1629,0.2018
budget,TimesFM-2.5-Uni-ZS,1,1.2948,expensive,1.2948,19,1.269,0.0258,0.0147,0.0372,0.3088,0.0835,0.9563
budget,TimesFM-2.5-Uni-ZS,24,4.0213,expensive,3.922,15,3.6228,0.2992,0.2078,0.4036,1.2112,0.247,0.5029
budget,TimesFM-2.5-Uni-ZS,168,5.6986,cheap,5.6986,0,5.5715,0.1271,0.0612,0.1984,1.489,0.0854,0.0961
budget,TimesFM-2.5-Uni-ZS,720,7.4804,cheap,7.3539,1,7.1038,0.2501,0.0748,0.4562,1.76,0.1421,0.2537
native,Chronos-2-Uni-ZS,1,1.2994,expensive,1.2994,19,1.2641,0.0352,0.0149,0.0559,0.384,0.0917,0.898
native,Chronos-2-Uni-ZS,24,3.5604,expensive,3.5622,18,3.3667,0.1955,0.1197,0.278,0.883,0.2214,0.891
native,Chronos-2-Uni-ZS,168,5.6986,cheap,5.653,3,5.4412,0.2118,0.0964,0.3373,1.238,0.1711,0.5343
native,Chronos-2-Uni-ZS,720,7.4804,cheap,7.4026,1,7.1345,0.2681,0.0733,0.5151,1.6686,0.1607,0.2954
native,TimesFM-2.5-Uni-ZS,1,1.2774,expensive,1.2774,19,1.2589,0.0185,0.0089,0.0284,0.289,0.064,0.9531
native,TimesFM-2.5-Uni-ZS,24,3.7648,expensive,3.7539,18,3.5103,0.2437,0.1527,0.3372,1.0327,0.236,0.5963
native,TimesFM-2.5-Uni-ZS,168,5.6986,cheap,5.6593,3,5.3325,0.3268,0.2252,0.4319,1.505,0.2171,0.4419
native,TimesFM-2.5-Uni-ZS,720,7.4804,cheap,7.4577,6,6.8986,0.559,0.3356,0.8038,2.0636,0.2709,0.5477
