fm,horizon,panel,n,n_countries,budget_mean,budget_median,frac_mean,frac_median,cc_picks_fm,pm_st,pm_fm,pm_h_static,pm_cc_static,pm_router_mean,pm_router_med,pm_oracle,pm_router_mean_over_cc_pp,pm_router_mean_lo,pm_router_mean_hi,pm_router_med_over_cc_pp,pm_router_med_lo,pm_router_med_hi,pm_cc_over_h_pp,pm_cc_over_h_lo,pm_cc_over_h_hi,pm_headroom_pp,md_st,md_fm,md_h_static,md_cc_static,md_router_mean,md_router_med,md_oracle,md_router_mean_over_cc_pp,md_router_mean_lo,md_router_mean_hi,md_router_med_over_cc_pp,md_router_med_lo,md_router_med_hi,md_cc_over_h_pp,md_cc_over_h_lo,md_cc_over_h_hi,md_headroom_pp
Chronos-2-Uni-ZS,1,18,1620,18,0.9,0.95,0.8376543209876544,0.9061728395061729,18,1.6679,1.2742,1.2742,1.2742,1.2435,1.2425,0.8739,0.0307,-0.0794,0.1062,0.0317,-0.0586,0.0974,0.0,0.0,0.0,0.4003,1.0082,0.8849,0.8849,0.8849,0.7811,0.7907,0.5052,0.1038,0.012,0.1691,0.0942,0.0155,0.1602,0.0,0.0,0.0,0.3797
Chronos-2-Uni-ZS,1,19,1708,19,0.9,0.95,0.8407494145199064,0.9086651053864169,19,1.636,1.2446,1.2446,1.2446,1.2148,1.2149,0.854,0.0298,-0.0734,0.1002,0.0297,-0.0546,0.0924,0.0,0.0,0.0,0.3906,0.9955,0.8741,0.8741,0.8741,0.7811,0.7701,0.5042,0.093,0.0071,0.1691,0.104,0.0082,0.1771,0.0,0.0,0.0,0.3699
Chronos-2-Uni-ZS,24,18,1619,18,0.9,0.95,0.9444101297096974,0.9752933909820877,18,3.7226,3.2692,3.2692,3.2692,3.1521,3.1476,2.4578,0.1171,0.0428,0.2031,0.1215,0.0564,0.1976,0.0,0.0,0.0,0.8114,2.5193,2.3515,2.3515,2.3515,2.3469,2.358,1.6255,0.0046,-0.0705,0.0703,-0.0066,-0.0415,0.0897,0.0,0.0,0.0,0.726
Chronos-2-Uni-ZS,24,19,1707,19,0.9,0.95,0.9449326303456356,0.9759812536613942,19,3.7226,3.2567,3.2567,3.2567,3.1464,3.1399,2.4526,0.1103,0.039,0.1943,0.1168,0.0553,0.1909,0.0,0.0,0.0,0.8041,2.5226,2.341,2.341,2.341,2.3601,2.3336,1.5725,-0.0191,-0.2064,0.0702,0.0073,-0.0415,0.0859,0.0,0.0,0.0,0.7685
Chronos-2-Uni-ZS,168,18,1620,18,0.45,0.0,0.5024691358024691,0.0,2,6.0551,6.3789,6.0551,6.0215,6.1122,6.0551,4.9473,-0.0908,-0.2975,0.1578,-0.0336,-0.148,0.0471,0.0336,-0.0471,0.148,1.0742,4.4541,4.7626,4.4541,4.2886,4.6028,4.4541,3.4156,-0.3142,-0.6434,-0.0974,-0.1656,-0.7584,0.0,0.1656,0.0,0.7832,0.873
Chronos-2-Uni-ZS,168,19,1707,19,0.45,0.0,0.5090802577621558,0.0,2,6.1983,6.5221,6.1983,6.1663,6.2678,6.1983,5.0926,-0.1014,-0.2983,0.1419,-0.0319,-0.1404,0.0446,0.0319,-0.0446,0.1407,1.0737,4.5744,4.8923,4.5744,4.311,4.6091,4.5744,3.5566,-0.2981,-0.679,-0.0722,-0.2634,-0.8224,0.0,0.2634,0.0,0.8224,0.7544
Chronos-2-Uni-ZS,720,18,1620,18,0.2,0.45,0.21666666666666667,0.4740740740740741,1,7.7257,10.0828,7.7257,7.6108,7.5522,8.0698,6.043,0.0587,-0.155,0.3144,-0.459,-0.8841,-0.0384,0.1149,0.0,0.3447,1.5678,6.2888,8.1491,6.2888,6.2888,6.3957,7.2436,4.5292,-0.107,-0.7032,0.7872,-0.9548,-1.5177,0.0254,0.0,0.0,0.4413,1.7596
Chronos-2-Uni-ZS,720,19,1707,19,0.2,0.45,0.210896309314587,0.46280023432923256,1,7.823,10.2228,7.823,7.714,7.6651,8.1465,6.132,0.0488,-0.1527,0.3004,-0.4325,-0.8392,-0.0414,0.109,0.0,0.3277,1.582,6.4161,8.1564,6.4161,6.4161,6.4161,7.3665,4.6628,0.0,-0.7339,0.8623,-0.9504,-1.4887,-0.0964,0.0,0.0,0.8095,1.7533
TimesFM-2.5-Uni-ZS,1,18,1620,18,0.95,0.9,0.9530864197530864,0.9037037037037037,18,1.6679,1.2566,1.2566,1.2566,1.2252,1.2338,0.9582,0.0313,0.014,0.0514,0.0227,0.0041,0.044,0.0,0.0,0.0,0.2984,1.0082,0.7611,0.7611,0.7611,0.7719,0.7543,0.5323,-0.0108,-0.037,0.0396,0.0068,-0.0362,0.0582,0.0,0.0,0.0,0.2288
TimesFM-2.5-Uni-ZS,1,19,1708,19,0.95,0.9,0.9531615925058547,0.9039812646370023,19,1.636,1.2304,1.2304,1.2304,1.2016,1.2092,0.9375,0.0288,0.0113,0.0484,0.0211,0.0037,0.0406,0.0,0.0,0.0,0.2929,0.9955,0.7465,0.7465,0.7465,0.7681,0.7329,0.5309,-0.0217,-0.0449,0.0442,0.0136,-0.0449,0.0702,0.0,0.0,0.0,0.2156
TimesFM-2.5-Uni-ZS,24,18,1619,18,0.5,0.5,0.5373687461395923,0.5373687461395923,14,3.7226,3.8031,3.8031,3.6556,3.418,3.418,2.4987,0.2375,0.1485,0.3242,0.2375,0.1491,0.3267,0.1475,0.0253,0.303,1.1569,2.5193,2.812,2.812,2.7445,2.5454,2.5454,1.6185,0.1991,-0.0847,0.3453,0.1991,-0.0663,0.344,0.0675,-0.1864,0.4624,1.126
TimesFM-2.5-Uni-ZS,24,19,1707,19,0.5,0.5,0.526654950205038,0.526654950205038,15,3.7226,3.79,3.79,3.65,3.4318,3.4318,2.4952,0.2182,0.1242,0.3056,0.2182,0.1235,0.3075,0.1399,0.0239,0.2801,1.1548,2.5226,2.806,2.806,2.7362,2.56,2.56,1.6344,0.1761,-0.0965,0.366,0.1761,-0.0663,0.3233,0.0699,-0.1593,0.4198,1.1018
TimesFM-2.5-Uni-ZS,168,18,1620,18,0.1,0.0,0.14753086419753086,0.0,0,6.0551,6.6561,6.0551,6.0551,6.2727,6.0551,4.694,-0.2176,-0.4147,-0.0167,0.0,0.0,0.0,0.0,0.0,0.0,1.3611,4.4541,4.7507,4.4541,4.4541,4.651,4.4541,3.0352,-0.1968,-0.5131,0.1613,0.0,0.0,0.0,0.0,0.0,0.0,1.4189
TimesFM-2.5-Uni-ZS,168,19,1707,19,0.1,0.0,0.14469830111306387,0.0,0,6.1983,6.7985,6.1983,6.1983,6.4141,6.1983,4.8381,-0.2158,-0.4057,-0.0238,0.0,0.0,0.0,0.0,0.0,0.0,1.3602,4.5744,4.7697,4.5744,4.5744,4.6928,4.5744,3.1196,-0.1185,-0.5535,0.2491,0.0,0.0,0.0,0.0,0.0,0.0,1.4548
TimesFM-2.5-Uni-ZS,720,18,1620,18,0.25,0.5,0.2611111111111111,0.5117283950617284,1,7.7257,10.3837,7.7257,7.6019,7.7167,8.1958,6.0322,-0.1147,-0.3748,0.1278,-0.5939,-1.2347,-0.0696,0.1238,0.0,0.3714,1.5697,6.2888,7.8608,6.2888,6.2888,6.3688,6.6168,4.4624,-0.08,-0.6803,0.6225,-0.328,-1.1036,0.3929,0.0,0.0,0.3557,1.8264
TimesFM-2.5-Uni-ZS,720,19,1707,19,0.25,0.5,0.2513181019332162,0.4973637961335677,1,7.823,10.4676,7.823,7.7055,7.8176,8.2647,6.0971,-0.1121,-0.359,0.1223,-0.5592,-1.1649,-0.0336,0.1175,0.0,0.3531,1.6084,6.4161,8.3548,6.4161,6.4161,6.6074,6.7093,4.5685,-0.1913,-0.729,0.6225,-0.2932,-1.0061,0.4534,0.0,0.0,0.7115,1.8476
