fm,horizon,metric,deployed_budget,loco_min,loco_max,loco_share_same,cboot_q25,cboot_q75,cboot_share_same,cboot_share_zero,quarters
Chronos-2-Uni-ZS,1,pooled_mean,0.9,0.9,0.9,1.0,0.9,0.9,0.95,0.0,0.85 0.95 0.95 0.90
Chronos-2-Uni-ZS,1,panel_median,0.95,0.85,0.9,0.0,0.85,0.95,0.295,0.0,0.70 0.90 0.95 0.70
Chronos-2-Uni-ZS,24,pooled_mean,0.9,0.8,0.9,0.8421052631578947,0.85,0.9,0.4,0.0,0.75 0.70 0.90 0.90
Chronos-2-Uni-ZS,24,panel_median,0.95,0.9,0.9,0.0,0.9,0.95,0.255,0.0,0.80 0.60 0.70 1.00
Chronos-2-Uni-ZS,168,pooled_mean,0.45,0.45,0.5,0.8947368421052632,0.4,0.5,0.35,0.0,0.70 0.35 0.55 0.35
Chronos-2-Uni-ZS,168,panel_median,0.0,0.0,0.2,0.8421052631578947,0.05,0.5,0.23,0.23,0.80 0.30 0.20 0.55
Chronos-2-Uni-ZS,720,pooled_mean,0.2,0.2,0.25,0.631578947368421,0.2,0.3,0.355,0.0,0.45 0.15 0.30 0.10
Chronos-2-Uni-ZS,720,panel_median,0.45,0.25,0.5,0.3684210526315789,0.2,0.45,0.13,0.0,0.45 0.45 0.45 0.15
TimesFM-2.5-Uni-ZS,1,pooled_mean,0.95,0.9,0.95,0.7894736842105263,0.9,0.95,0.68,0.0,0.90 0.95 1.00 0.90
TimesFM-2.5-Uni-ZS,1,panel_median,0.9,0.9,1.0,0.47368421052631576,0.85,1.0,0.35,0.0,0.95 0.90 0.95 0.75
TimesFM-2.5-Uni-ZS,24,pooled_mean,0.5,0.45,0.5,0.3157894736842105,0.45,0.5,0.31,0.0,0.20 0.65 0.45 0.40
TimesFM-2.5-Uni-ZS,24,panel_median,0.5,0.45,0.6,0.47368421052631576,0.35,0.5,0.19,0.0,0.60 0.50 0.35 0.45
TimesFM-2.5-Uni-ZS,168,pooled_mean,0.1,0.1,0.15,0.9473684210526315,0.1,0.1,0.735,0.0,0.05 0.45 0.10 0.05
TimesFM-2.5-Uni-ZS,168,panel_median,0.0,0.0,0.1,0.47368421052631576,0.0,0.45,0.255,0.255,0.00 0.50 0.15 0.10
TimesFM-2.5-Uni-ZS,720,pooled_mean,0.25,0.25,0.35,0.9473684210526315,0.2,0.3,0.3,0.0,0.20 0.30 0.35 0.20
TimesFM-2.5-Uni-ZS,720,panel_median,0.5,0.25,0.5,0.42105263157894735,0.25,0.5,0.14,0.0,0.35 0.05 0.40 0.25
